# gpu    pwr  gtemp  mtemp     sm    mem    enc    dec    jpg    ofa   mclk   pclk  pviol  tviol     fb   bar1   ccpm  sbecc  dbecc    pci  rxpci  txpci
# Idx      W      C      C      %      %      %      %      %      %    MHz    MHz      %   bool     MB     MB     MB   errs   errs   errs   MB/s   MB/s
    0     79     40     38      0      0      0      0      0      0   3201    345      0      0      0      1      0      0      0      0      0      0
    1     83     41     37      0      0      0      0      0      0   3201    345      0      0      0      1      0      0      0      0      0      0
    2     78     32     32      0      0      0      0      0      0   3201    345      0      0      0      1      0      0      0      0      0      0
    3     77     35     33      0      0      0      0      0      0   3201    345      0      0      0      1      0      0      0      0      0      0
    4     78     32     31      0      0      0      0      0      0   3201    345      0      0      0      1      0      0      0      0      0      1
    0     79     40     38      0      0      0      0      0      0   3201    345      0      0      0      1      0      0      0      0      0      0
    1     83     41     37      0      0      0      0      0      0   3201    345      0      0      0      1      0      0      0      0      0      0
    2     78     32     32      0      0      0      0      0      0   3201    345      0      0      0      1      0      0      0      0      0      0
    3     77     35     33      0      0      0      0      0      0   3201    345      0      0      0      1      0      0      0      0      0      0
    4     78     32     31      0      0      0      0      0      0   3201    345      0      0      0      1      0      0      0      0      0      0
    0     79     40     38      0      0      0      0      0      0   3201    345      0      0      0      1      0      0      0      0      0      0
    1     83     41     37      0      0      0      0      0      0   3201    345      0      0      0      1      0      0      0      0      0      0
    2     78     32     32      0      0      0      0      0      0   3201    345      0      0      0      1      0      0      0      0      0      0
    3     77     35     33      0      0      0      0      0      0   3201    345      0      0      0      1      0      0      0      0      0      2
    4     78     32     31      0      0      0      0      0      0   3201    345      0      0      0      1      0      0      0      0      0      1
    0     79     40     38      0      0      0      0      0      0   3201    345      0      0      0      1      0      0      0      0      0      0
    1     83     41     37      0      0      0      0      0      0   3201    345      0      0      0      1      0      0      0      0      0      1
    2     78     32     32      0      0      0      0      0      0   3201    345      0      0      0      1      0      0      0      0      0      0
    3     77     35     33      0      0      0      0      0      0   3201    345      0      0      0      1      0      0      0      0      0      0
    4     78     32     31      0      0      0      0      0      0   3201    345      0      0      0      1      0      0      0      0      0      0
    0     79     40     38      0      0      0      0      0      0   3201    345      0      0      0      1      0      0      0      0      0      0
    1     83     41     37      0      0      0      0      0      0   3201    345      0      0      0      1      0      0      0      0      0      0
    2     78     32     32      0      0      0      0      0      0   3201    345      0      0      0      1      0      0      0      0      0      0
    3     77     35     33      0      0      0      0      0      0   3201    345      0      0      0      1      0      0      0      0      0      0
    4     78     32     31      0      0      0      0      0      0   3201    345      0      0      0      1      0      0      0      0      0      0
    0     79     40     38      0      0      0      0      0      0   3201    345      0      0      0      1      0      0      0      0      0      0
    1     83     40     37      0      0      0      0      0      0   3201    345      0      0      0      1      0      0      0      0      0      0
    2     78     32     32      0      0      0      0      0      0   3201    345      0      0      0      1      0      0      0      0      0      0
    3     77     35     33      0      0      0      0      0      0   3201    345      0      0      0      1      0      0      0      0      0      2
    4     78     32     31      0      0      0      0      0      0   3201    345      0      0      0      1      0      0      0      0      0      1
    0     79     40     38      0      0      0      0      0      0   3201    345      0      0      0      1      0      0      0      0      0      0
    1     83     40     37      0      0      0      0      0      0   3201    345      0      0      0      1      0      0      0      0      0      1
    2     78     32     32      0      0      0      0      0      0   3201    345      0      0      0      1      0      0      0      0      0      0
    3     77     35     33      0      0      0      0      0      0   3201    345      0      0      0      1      0      0      0      0      0      0
    4     78     32     31      0      0      0      0      0      0   3201    345      0      0      0      1      0      0      0      0      0      0
    0     79     40     38      0      0      0      0      0      0   3201    345      0      0      0      1      0      0      0      0      0      0
    1     83     40     37      0      0      0      0      0      0   3201    345      0      0      0      1      0      0      0      0      0      0
    2     78     32     32      0      0      0      0      0      0   3201    345      0      0      0      1      0      0      0      0      0      0
    3     77     35     33      0      0      0      0      0      0   3201    345      0      0      0      1      0      0      0      0      0      0
    4     78     32     30      0      0      0      0      0      0   3201    345      0      0      0      1      0      0      0      0      0      0
    0     79     40     38      0      0      0      0      0      0   3201    345      0      0      0      1      0      0      0      0      0      2
    1     83     40     37      0      0      0      0      0      0   3201    345      0      0      0      1      0      0      0      0      0      0
    2     78     32     32      0      0      0      0      0      0   3201    345      0      0      0      1      0      0      0      0      0      0
    3     77     35     33      0      0      0      0      0      0   3201    345      0      0      0      1      0      0      0      0      0      1
# gpu    pwr  gtemp  mtemp     sm    mem    enc    dec    jpg    ofa   mclk   pclk  pviol  tviol     fb   bar1   ccpm  sbecc  dbecc    pci  rxpci  txpci
# Idx      W      C      C      %      %      %      %      %      %    MHz    MHz      %   bool     MB     MB     MB   errs   errs   errs   MB/s   MB/s
    4     78     32     31      0      0      0      0      0      0   3201    345      0      0      0      1      0      0      0      0      0      2
    0     79     40     38      0      0      0      0      0      0   3201    345      0      0      0      1      0      0      0      0      0      0
    1     83     40     37      0      0      0      0      0      0   3201    345      0      0      0      1      0      0      0      0      0      2
    2     78     32     32      0      0      0      0      0      0   3201    345      0      0      0      1      0      0      0      0      0      2
    3     77     35     33      0      0      0      0      0      0   3201    345      0      0      0      1      0      0      0      0      3     21
    4     78     32     30      0      0      0      0      0      0   3201    345      0      0      1      1      0      0      0      0     10      4
    0     79     40     38      0      0      0      0      0      0   3201    345      0      0      4      4      0      0      0      0      2     19
    1     85     40     37      0      0      0      0      0      0   3201    795      0      0      4      4      0      0      0      0      3      2
    2     78     32     32      0      0      0      0      0      0   3201    345      0      0      4      4      0      0      0      0      0      0
    3     78     35     33      0      0      0      0      0      0   3201    345      0      0      4      4      0      0      0      0      0      2
    4     78     32     30      0      0      0      0      0      0   3201    345      0      0      4      4      0      0      0      0     20     22
    0    117     41     38      0      0      0      0      0      0   3201   1980      0      0    617    618      0      0      0      0    494      1
    1    119     41     37      0      0      0      0      0      0   3201   1980      0      0    529    530      0      0      0      0      0      0
    2    104     33     32      0      0      0      0      0      0   3201   1980      0      0    529    530      0      0      0      0    904    142
    3    100     36     33      0      0      0      0      0      0   3201   1980      0      0    529    530      0      0      0      0      0      1
    4     99     33     30      0      0      0      0      0      0   3201   1980      0      0    717    718      0      0      0      0      0      0
    0    125     41     38     14      2      0      0      0      0   3201   1980      0      0  26379  26380      0      0      0      0      5      0
    1    131     42     37     56      6      0      0      0      0   3201   1980      0      0  26683  26684      0      0      0      0      5      3
    2    121     33     32      0      0      0      0      0      0   3201   1980      0      0  26693  26694      0      0      0      0      7      0
    3    121     36     33      0      0      0      0      0      0   3201   1980      0      0  26693  26694      0      0      0      0      6      0
    4    122     33     31     17      2      0      0      0      0   3201   1980      0      0  26693  26694      0      0      0      0      4      0
    0    212     43     39     20      0      0      0      0      0   3201   1980      0      0  27329  27330      0      0      0      0      0     47
    1    217     43     38     25      0      0      0      0      0   3201   1980      0      0  27329  27330      0      0      0      0      0      0
    2    203     34     33     22      0      0      0      0      0   3201   1980      0      0  27329  27330      0      0      0      0     13      0
    3    206     37     33     22      0      0      0      0      0   3201   1980      0      0  27329  27330      0      0      0      0     43      3
    4    203     34     31     25      0      0      0      0      0   3201   1980      0      0  27329  27330      0      0      0      0      0      0
    0    144     42     39     22      1      0      0      0      0   3201   1980      0      0  27329  27330      0      0      0      0     56      1
    1    150     43     37     27      1      0      0      0      0   3201   1980      0      0  27329  27330      0      0      0      0      0      0
    2    140     34     32     30      3      0      0      0      0   3201   1980      0      0  27329  27330      0      0      0      0     15      1
    3    140     37     33     31      2      0      0      0      0   3201   1980      0      0  27329  27330      0      0      0      0      0     46
    4    143     34     31     39      3      0      0      0      0   3201   1980      0      0  27329  27330      0      0      0      0     16      3
    0    182     43     42     79     19      0      0      0      0   3201   1980      0      0  27329  27330      0      0      0      0     15      7
    1    196     43     40     31      4      0      0      0      0   3201   1980      0      0  27329  27330      0      0      0      0     17      7
    2    181     35     33     52     11      0      0      0      0   3201   1980      0      0  27329  27330      0      0      0      0     15      3
    3    191     38     34     71     21      0      0      0      0   3201   1980      0      0  27329  27330      0      0      0      0      0      1
    4    196     36     33     59     14      0      0      0      0   3201   1980      0      0  27329  27330      0      0      0      0      0     45
    0    229     44     43     55     19      0      0      0      0   3201   1980      0      0  27329  27330      0      0      0      0     16      7
    1    250     45     41    100     35      0      0      0      0   3201   1980      0      0  27329  27330      0      0      0      0     16      7
    2    235     36     36    100     35      0      0      0      0   3201   1980      0      0  27329  27330      0      0      0      0     14      5
    3    238     39     37    100     35      0      0      0      0   3201   1980      0      0  27329  27330      0      0      0      0      3      0
    4    243     37     35    100     35      0      0      0      0   3201   1980      0      0  27329  27330      0      0      0      0      0      0
    0    257     44     41     38      7      0      0      0      0   3201   1980      0      0  27329  27330      0      0      0      0     16      7
    1    258     44     42     22      1      0      0      0      0   3201   1980      0      0  27329  27330      0      0      0      0     17      8
    2    258     36     36     24      4      0      0      0      0   3201   1980      0      0  27329  27330      0      0      0      0     15      7
# gpu    pwr  gtemp  mtemp     sm    mem    enc    dec    jpg    ofa   mclk   pclk  pviol  tviol     fb   bar1   ccpm  sbecc  dbecc    pci  rxpci  txpci
# Idx      W      C      C      %      %      %      %      %      %    MHz    MHz      %   bool     MB     MB     MB   errs   errs   errs   MB/s   MB/s
    3    264     39     38     44     14      0      0      0      0   3201   1980      0      0  27329  27330      0      0      0      0     15      7
    4    266     37     35     42      8      0      0      0      0   3201   1980      0      0  27329  27330      0      0      0      0     16      7
    0    275     46     44    100     39      0      0      0      0   3201   1980      0      0  27329  27330      0      0      0      0     16      7
    1    282     46     43    100     39      0      0      0      0   3201   1980      0      0  27329  27330      0      0      0      0     17      8
    2    268     37     38    100     39      0      0      0      0   3201   1980      0      0  27329  27330      0      0      0      0     16      9
    3    274     40     39    100     39      0      0      0      0   3201   1980      0      0  27329  27330      0      0      0      0     16      9
    4    276     38     37    100     39      0      0      0      0   3201   1980      0      0  27329  27330      0      0      0      0     16      8
    0    279     45     42     31      5      0      0      0      0   3201   1980      0      0  27329  27330      0      0      0      0     17      8
    1    281     46     43    100     39      0      0      0      0   3201   1980      0      0  27329  27330      0      0      0      0     17      8
    2    267     38     39    100     39      0      0      0      0   3201   1980      0      0  27329  27330      0      0      0      0     16      7
    3    271     40     39     28     10      0      0      0      0   3201   1980      0      0  27329  27330      0      0      0      0     16      7
    4    273     38     37    100     39      0      0      0      0   3201   1980      0      0  27329  27330      0      0      0      0     16      9
    0    310     45     45     75     28      0      0      0      0   3201   1980      0      0  27329  27330      0      0      0      0      0      0
    1    315     47     45     39     14      0      0      0      0   3201   1980      0      0  27329  27330      0      0      0      0      0      0
    2    284     36     38     23      7      0      0      0      0   3201   1980      0      0  27329  27330      0      0      0      0      0      0
    3    282     39     37     14      5      0      0      0      0   3201   1980      0      0  27329  27330      0      0      0      0      0      2
    4    285     37     36     27      9      0      0      0      0   3201   1980      0      0  27329  27330      0      0      0      0      0      6
    0    341     48     47    100     39      0      0      0      0   3201   1980      0      0  27329  27330      0      0      0      0     16      8
    1    367     48     46    100     39      0      0      0      0   3201   1980      0      0  27329  27330      0      0      0      0     17      8
    2    347     39     41    100     39      0      0      0      0   3201   1980      0      0  27329  27330      0      0      0      0     15      9
    3    355     42     42    100     39      0      0      0      0   3201   1980      0      0  27329  27330      0      0      0      0     16      9
    4    357     40     39    100     39      0      0      0      0   3201   1980      0      0  27329  27330      0      0      0      0     16      8
    0    361     48     47    100     39      0      0      0      0   3201   1980      0      0  27329  27330      0      0      0      0     16      8
    1    369     48     46    100     39      0      0      0      0   3201   1980      0      0  27329  27330      0      0      0      0     17      8
    2    348     40     42    100     39      0      0      0      0   3201   1980      0      0  27329  27330      0      0      0      0     15      7
    3    355     43     42    100     39      0      0      0      0   3201   1980      0      0  27329  27330      0      0      0      0     16      7
    4    357     40     40    100     39      0      0      0      0   3201   1980      0      0  27329  27330      0      0      0      0     16      5
    0    270     48     47    100     39      0      0      0      0   3201   1980      0      0  27329  27330      0      0      0      0     16      8
    1    276     48     46    100     39      0      0      0      0   3201   1980      0      0  27329  27330      0      0      0      0     17      8
    2    266     40     41    100     39      0      0      0      0   3201   1980      0      0  27329  27330      0      0      0      0     15      7
    3    279     43     42    100     39      0      0      0      0   3201   1980      0      0  27329  27330      0      0      0      0     16      7
    4    283     40     39    100     39      0      0      0      0   3201   1980      0      0  27329  27330      0      0      0      0     16      7
    0    361     48     48    100     39      0      0      0      0   3201   1980      0      0  27329  27330      0      0      0      0     16      9
    1    368     49     47    100     39      0      0      0      0   3201   1980      0      0  27329  27330      0      0      0      0     17      8
    2    347     40     42    100     39      0      0      0      0   3201   1980      0      0  27329  27330      0      0      0      0     15      7
    3    355     43     43    100     39      0      0      0      0   3201   1980      0      0  27329  27330      0      0      0      0     16      8
    4    356     41     40    100     39      0      0      0      0   3201   1980      0      0  27329  27330      0      0      0      0     16      7
    0    295     45     43     55     13      0      0      0      0   3201   1980      0      0  27329  27330      0      0      0      0      4      1
    1    282     45     42      0      0      0      0      0      0   3201   1980      0      0  27125  27126      0      0      0      0      3      1
    2    243     36     35      0      0      0      0      0      0   3201   1980      0      0  26945  26946      0      0      0      0      0      0
    3    239     39     36      1      0      0      0      0      0   3201   1980      0      0  26945  26946      0      0      0      0      0      0
    4    238     37     34      0      0      0      0      0      0   3201   1980      0      0  26945  26946      0      0      0      0      0      1
    0    129     44     41      0      0      0      0      0      0   3201   1980      0      0    968    969      0      0      0      0     60      0
    1    135     44     40      0      0      0      0      0      0   3201   1980      0      0      0      1      0      0      0      0      0      1
# gpu    pwr  gtemp  mtemp     sm    mem    enc    dec    jpg    ofa   mclk   pclk  pviol  tviol     fb   bar1   ccpm  sbecc  dbecc    pci  rxpci  txpci
# Idx      W      C      C      %      %      %      %      %      %    MHz    MHz      %   bool     MB     MB     MB   errs   errs   errs   MB/s   MB/s
    2    124     35     34      3      0      0      0      0      0   3201   1980      0      0      0      1      0      0      0      0      0      0
    3    126     39     35      3      0      0      0      0      0   3201   1980      0      0      0      1      0      0      0      0      0      0
    4    127     36     33      0      0      0      0      0      0   3201   1980      0      0      0      1      0      0      0      0      0      1
    0    130     44     41      0      0      0      0      0      0   3201   1980      0      0      0      1      0      0      0      0      0      0
    1    132     44     39      0      0      0      0      0      0   3201    780      0      0      0      1      0      0      0      0      0      0
    2    124     35     33      0      0      0      0      0      0   3201   1980      0      0      0      1      0      0      0      0      0      0
    3    122     38     35      0      0      0      0      0      0   3201    810      0      0      0      1      0      0      0      0      0      0
    4    101     34     33      0      0      0      0      0      0   3201    615      0      0      0      1      0      0      0      0      0      0
    0     81     42     40      0      0      0      0      0      0   3201    465      0      0      0      1      0      0      0      0      0      0
    1     85     43     39      0      0      0      0      0      0   3201    450      0      0      0      1      0      0      0      0      0      0
    2     79     34     33      0      0      0      0      0      0   3201    390      0      0      0      1      0      0      0      0      0      0
    3     79     37     34      0      0      0      0      0      0   3201    465      0      0      0      1      0      0      0      0      0      0
    4     79     34     33      0      0      0      0      0      0   3201    360      0      0      0      1      0      0      0      0      0      0
    0     80     42     40      0      0      0      0      0      0   3201    345      0      0      0      1      0      0      0      0      0      0
    1     84     42     39      0      0      0      0      0      0   3201    345      0      0      0      1      0      0      0      0      0      2
    2     78     34     33      0      0      0      0      0      0   3201    345      0      0      0      1      0      0      0      0      0      0
    3     77     37     34      0      0      0      0      0      0   3201    345      0      0      0      1      0      0      0      0      0      0
    4     78     34     33      0      0      0      0      0      0   3201    345      0      0      0      1      0      0      0      0      0      0
    0     79     42     40      0      0      0      0      0      0   3201    345      0      0      0      1      0      0      0      0      0      0
    1     83     42     38      0      0      0      0      0      0   3201    345      0      0      0      1      0      0      0      0      0      0
    2     78     33     33      0      0      0      0      0      0   3201    345      0      0      0      1      0      0      0      0      0      2
    3     77     37     34      0      0      0      0      0      0   3201    345      0      0      0      1      0      0      0      0      0      2
    4     78     34     32      0      0      0      0      0      0   3201    345      0      0      0      1      0      0      0      0      0      0
    0     79     42     40      0      0      0      0      0      0   3201    345      0      0      1      1      0      0      0      0      0     14
    1     83     42     38      0      0      0      0      0      0   3201    345      0      0      1      1      0      0      0      0      2      0
    2     78     33     33      0      0      0      0      0      0   3201    345      0      0      1      1      0      0      0      0      0      1
    3     77     37     34      0      0      0      0      0      0   3201    345      0      0      1      1      0      0      0      0      0      0
    4     78     33     32      0      0      0      0      0      0   3201    345      0      0      1      1      0      0      0      0      0      0
    0     79     42     39      0      0      0      0      0      0   3201    345      0      0      4      4      0      0      0      0      0      0
    1     83     42     38      0      0      0      0      0      0   3201    345      0      0      4      4      0      0      0      0      0      2
    2     78     33     33      0      0      0      0      0      0   3201    345      0      0      4      4      0      0      0      0     19      5
    3     77     36     33      0      0      0      0      0      0   3201    345      0      0      4      4      0      0      0      0      7      2
    4     79     33     32      0      0      0      0      0      0   3201    795      0      0      4      4      0      0      0      0      1      0
    0    126     43     39      0      0      0      0      0      0   3201   1980      0      0    717    718      0      0      0      0      0      2
    1    125     43     38      0      0      0      0      0      0   3201   1980      0      0    553    554      0      0      0      0   1074    135
    2    115     34     33      2      0      0      0      0      0   3201   1980      0      0    717    718      0      0      0      0      0      0
    3    111     37     33      0      0      0      0      0      0   3201   1980      0      0    555    556      0      0      0      0   1176    127
    4    107     34     32      3      0      0      0      0      0   3201   1980      0      0    717    718      0      0      0      0     21      4
    0    137     43     39     82     22      0      0      0      0   3201   1980      0      0  26177  26178      0      0      0      0     12      7
    1    153     45     41     39      3      0      0      0      0   3201   1980      0      0  26177  26178      0      0      0      0     22     11
    2    143     36     33      2      0      0      0      0      0   3201   1980      0      0  26177  26178      0      0      0      0     17      3
    3    152     39     36    100     32      0      0      0      0   3201   1980      0      0  26177  26178      0      0      0      0     16      8
    4    166     37     35    100     40      0      0      0      0   3201   1980      0      0  26177  26178      0      0      0      0     17      8
    0    180     44     40     28      0      0      0      0      0   3201   1980      0      0  26177  26178      0      0      0      0      0      4
# gpu    pwr  gtemp  mtemp     sm    mem    enc    dec    jpg    ofa   mclk   pclk  pviol  tviol     fb   bar1   ccpm  sbecc  dbecc    pci  rxpci  txpci
# Idx      W      C      C      %      %      %      %      %      %    MHz    MHz      %   bool     MB     MB     MB   errs   errs   errs   MB/s   MB/s
    1    173     43     38     21      0      0      0      0      0   3201   1980      0      0  26177  26178      0      0      0      0     12     54
    2    147     35     33     21      0      0      0      0      0   3201   1980      0      0  26177  26178      0      0      0      0      4      2
    3    144     38     34     20      0      0      0      0      0   3201   1980      0      0  26177  26178      0      0      0      0      0      0
    4    147     35     32     21      0      0      0      0      0   3201   1980      0      0  26177  26178      0      0      0      0      0     46
    0    154     44     40     48      3      0      0      0      0   3201   1980      0      0  26177  26178      0      0      0      0      4      1
    1    161     44     39     40      1      0      0      0      0   3201   1980      0      0  26177  26178      0      0      0      0     47      0
    2    148     35     33     55      3      0      0      0      0   3201   1980      0      0  26177  26178      0      0      0      0      0      2
    3    152     39     34     83      5      0      0      0      0   3201   1980      0      0  26177  26178      0      0      0      0     10      5
    4    152     36     32     97      5      0      0      0      0   3201   1980      0      0  26177  26178      0      0      0      0     10      1
    0    198     45     43    100     39      0      0      0      0   3201   1980      0      0  26177  26178      0      0      0      0     16      7
    1    208     45     41     38     14      0      0      0      0   3201   1980      0      0  26177  26178      0      0      0      0      9      2
    2    204     37     37     26      3      0      0      0      0   3201   1980      0      0  26177  26178      0      0      0      0     29      0
    3    207     40     38    100     39      0      0      0      0   3201   1980      0      0  26177  26178      0      0      0      0      0      3
    4    209     37     34    100     38      0      0      0      0   3201   1980      0      0  26177  26178      0      0      0      0     17      8
    0    253     45     43    100     40      0      0      0      0   3201   1980      0      0  26177  26178      0      0      0      0     16      7
    1    263     46     43     71     27      0      0      0      0   3201   1980      0      0  26177  26178      0      0      0      0     16      8
    2    245     37     37     31      8      0      0      0      0   3201   1980      0      0  26177  26178      0      0      0      0     17      8
    3    253     41     39    100     40      0      0      0      0   3201   1980      0      0  26177  26178      0      0      0      0     17      8
    4    255     38     37    100     40      0      0      0      0   3201   1980      0      0  26177  26178      0      0      0      0     17      8
    0    278     47     45    100     40      0      0      0      0   3201   1980      0      0  26177  26178      0      0      0      0      0     47
    1    282     47     44    100     39      0      0      0      0   3201   1980      0      0  26177  26178      0      0      0      0     42      0
    2    265     38     39    100     39      0      0      0      0   3201   1980      0      0  26177  26178      0      0      0      0      0      0
    3    262     42     40    100     39      0      0      0      0   3201   1980      0      0  26177  26178      0      0      0      0      0      4
    4    253     38     37     20      1      0      0      0      0   3201   1980      0      0  26177  26178      0      0      0      0      9      8
    0    326     47     47    100     40      0      0      0      0   3201   1980      0      0  26177  26178      0      0      0      0     15      7
    1    331     47     45    100     40      0      0      0      0   3201   1980      0      0  26177  26178      0      0      0      0     16      8
    2    314     39     40    100     40      0      0      0      0   3201   1980      0      0  26177  26178      0      0      0      0     16      4
    3    321     42     41    100     40      0      0      0      0   3201   1980      0      0  26177  26178      0      0      0      0      0      1
    4    323     40     39    100     40      0      0      0      0   3201   1980      0      0  26177  26178      0      0      0      0      5      0
    0    285     47     46    100     39      0      0      0      0   3201   1980      0      0  26177  26178      0      0      0      0     15      7
    1    300     48     45    100     39      0      0      0      0   3201   1980      0      0  26177  26178      0      0      0      0     15      7
    2    280     39     40    100     39      0      0      0      0   3201   1980      0      0  26177  26178      0      0      0      0     16      9
    3    297     43     41    100     39      0      0      0      0   3201   1980      0      0  26177  26178      0      0      0      0     15      7
    4    315     40     39    100     39      0      0      0      0   3201   1980      0      0  26177  26178      0      0      0      0     16      7
    0    290     48     47    100     40      0      0      0      0   3201   1980      0      0  26177  26178      0      0      0      0     16      7
    1    296     48     46    100     40      0      0      0      0   3201   1980      0      0  26177  26178      0      0      0      0     16      8
    2    282     40     41    100     40      0      0      0      0   3201   1980      0      0  26177  26178      0      0      0      0     16      8
    3    289     43     42    100     40      0      0      0      0   3201   1980      0      0  26177  26178      0      0      0      0     17      8
    4    293     41     40    100     40      0      0      0      0   3201   1980      0      0  26177  26178      0      0      0      0     17      9
    0    370     49     48    100     41      0      0      0      0   3201   1980      0      0  26177  26178      0      0      0      0     16      7
    1    377     49     47    100     40      0      0      0      0   3201   1980      0      0  26177  26178      0      0      0      0     17      8
    2    355     40     43    100     40      0      0      0      0   3201   1980      0      0  26177  26178      0      0      0      0     17      8
    3    364     44     43    100     40      0      0      0      0   3201   1980      0      0  26177  26178      0      0      0      0     16      8
    4    365     41     41    100     40      0      0      0      0   3201   1980      0      0  26177  26178      0      0      0      0     17      8
# gpu    pwr  gtemp  mtemp     sm    mem    enc    dec    jpg    ofa   mclk   pclk  pviol  tviol     fb   bar1   ccpm  sbecc  dbecc    pci  rxpci  txpci
# Idx      W      C      C      %      %      %      %      %      %    MHz    MHz      %   bool     MB     MB     MB   errs   errs   errs   MB/s   MB/s
    0    277     45     43     67     26      0      0      0      0   3201   1980      0      0  26177  26178      0      0      0      0     14      7
    1    284     48     45     21      7      0      0      0      0   3201   1980      0      0  26177  26178      0      0      0      0     15      7
    2    267     39     39     28      7      0      0      0      0   3201   1980      0      0  26177  26178      0      0      0      0     15      7
    3    270     43     42     94     37      0      0      0      0   3201   1980      0      0  26177  26178      0      0      0      0     15      7
    4    273     40     39    100     39      0      0      0      0   3201   1980      0      0  26177  26178      0      0      0      0     15      9
    0    365     49     49    100     39      0      0      0      0   3201   1980      0      0  26177  26178      0      0      0      0     13      6
    1    372     49     47    100     39      0      0      0      0   3201   1980      0      0  26177  26178      0      0      0      0     15      7
    2    351     41     43    100     39      0      0      0      0   3201   1980      0      0  26177  26178      0      0      0      0     16      7
    3    359     44     43    100     39      0      0      0      0   3201   1980      0      0  26177  26178      0      0      0      0     16      7
    4    361     41     41    100     39      0      0      0      0   3201   1980      0      0  26177  26178      0      0      0      0     16      7
    0    335     47     49     37     11      0      0      0      0   3201   1980      0      0  26177  26178      0      0      0      0      0      0
    1    322     46     44     56     13      0      0      0      0   3201   1980      0      0  26177  26178      0      0      0      0      0      0
    2    304     38     39     24      9      0      0      0      0   3201   1980      0      0  26177  26178      0      0      0      0      4      0
    3    296     42     40     30      4      0      0      0      0   3201   1980      0      0  26177  26178      0      0      0      0      0      0
    4    284     38     36      0      0      0      0      0      0   3201   1980      0      0  26177  26178      0      0      0      0      0      0
    0    129     45     42      0      0      0      0      0      0   3201   1980      0      0      0      1      0      0      0      0      0      1
    1    136     45     40      0      0      0      0      0      0   3201   1980      0      0      0      1      0      0      0      0      0      0
    2    125     36     35      3      0      0      0      0      0   3201   1980      0      0      0      1      0      0      0      0      0      0
    3    126     40     36      0      0      0      0      0      0   3201   1980      0      0      0      1      0      0      0      0      0      1
    4    128     36     33      0      0      0      0      0      0   3201   1980      0      0      0      1      0      0      0      0      0      0
    0    130     45     41      0      0      0      0      0      0   3201   1980      0      0      0      1      0      0      0      0      0      0
    1    136     45     40      0      0      0      0      0      0   3201   1980      0      0      0      1      0      0      0      0      0      0
    2    125     36     34      0      0      0      0      0      0   3201   1980      0      0      0      1      0      0      0      0      0      0
    3    126     39     36      0      0      0      0      0      0   3201   1980      0      0      0      1      0      0      0      0      0      0
    4    114     35     33      0      0      0      0      0      0   3201    705      0      0      0      1      0      0      0      0      0      2
    0     96     43     41      0      0      0      0      0      0   3201    405      0      0      0      1      0      0      0      0      0      0
    1     86     43     39      0      0      0      0      0      0   3201    465      0      0      0      1      0      0      0      0      0      0
    2     90     35     34      0      0      0      0      0      0   3201    510      0      0      0      1      0      0      0      0      0      0
    3     79     38     35      0      0      0      0      0      0   3201    405      0      0      0      1      0      0      0      0      0      0
    4     80     35     33      0      0      0      0      0      0   3201    405      0      0      0      1      0      0      0      0      0      0
    0     80     43     41      0      0      0      0      0      0   3201    345      0      0      0      1      0      0      0      0      0      1
    1     84     43     39      0      0      0      0      0      0   3201    345      0      0      0      1      0      0      0      0      0      0
    2     78     34     34      0      0      0      0      0      0   3201    345      0      0      0      1      0      0      0      0      0      2
    3     78     38     35      0      0      0      0      0      0   3201    345      0      0      0      1      0      0      0      0      0      1
    4     78     34     33      0      0      0      0      0      0   3201    345      0      0      0      1      0      0      0      0      0      0
    0     80     43     41      0      0      0      0      0      0   3201    345      0      0      0      1      0      0      0      0      0      0
    1     83     42     39      0      0      0      0      0      0   3201    345      0      0      0      1      0      0      0      0      0      2
    2     78     34     33      0      0      0      0      0      0   3201    345      0      0      0      1      0      0      0      0      0      0
    3     78     38     35      0      0      0      0      0      0   3201    345      0      0      0      1      0      0      0      0      0      0
    4     78     34     33      0      0      0      0      0      0   3201    345      0      0      0      1      0      0      0      0      1      1
    0     80     42     40      0      0      0      0      0      0   3201    345      0      0      0      1      0      0      0      0      0      0
    1     83     42     39      0      0      0      0      0      0   3201    345      0      0      0      1      0      0      0      0      3      0
    2     78     34     33      0      0      0      0      0      0   3201    345      0      0      0      1      0      0      0      0      0      0
    3     78     37     34      0      0      0      0      0      0   3201    345      0      0      0      1      0      0      0      0      0      0
# gpu    pwr  gtemp  mtemp     sm    mem    enc    dec    jpg    ofa   mclk   pclk  pviol  tviol     fb   bar1   ccpm  sbecc  dbecc    pci  rxpci  txpci
# Idx      W      C      C      %      %      %      %      %      %    MHz    MHz      %   bool     MB     MB     MB   errs   errs   errs   MB/s   MB/s
    4     78     34     33      0      0      0      0      0      0   3201    345      0      0      0      1      0      0      0      0      0      0
    0     80     42     40      0      0      0      0      0      0   3201    345      0      0      0      1      0      0      0      0      0      2
    1     84     42     39      0      0      0      0      0      0   3201    345      0      0      0      1      0      0      0      0      0      0
    2     78     34     33      0      0      0      0      0      0   3201    345      0      0      0      1      0      0      0      0      0      0
    3     78     37     34      0      0      0      0      0      0   3201    345      0      0      0      1      0      0      0      0      0      2
    4     78     34     33      0      0      0      0      0      0   3201    345      0      0      0      1      0      0      0      0      0      0
    0     80     42     40      0      0      0      0      0      0   3201    345      0      0      0      1      0      0      0      0      0      0
    1     83     42     38      0      0      0      0      0      0   3201    345      0      0      0      1      0      0      0      0      0      2
    2     78     33     33      0      0      0      0      0      0   3201    345      0      0      0      1      0      0      0      0      0      0
    3     78     37     34      0      0      0      0      0      0   3201    345      0      0      0      1      0      0      0      0      0      0
    4     78     34     32      0      0      0      0      0      0   3201    345      0      0      0      1      0      0      0      0      7      0
    0     80     42     40      0      0      0      0      0      0   3201    345      0      0      0      1      0      0      0      0      0      0
    1     83     42     38      0      0      0      0      0      0   3201    345      0      0      0      1      0      0      0      0      0      0
    2     78     33     33      0      0      0      0      0      0   3201    345      0      0      0      1      0      0      0      0      0      0
    3     77     37     34      0      0      0      0      0      0   3201    345      0      0      0      1      0      0      0      0      0      0
    4     78     33     32      0      0      0      0      0      0   3201    345      0      0      0      1      0      0      0      0      0      0
    0     79     42     40      0      0      0      0      0      0   3201    345      0      0      0      1      0      0      0      0      0      0
    1     83     42     38      0      0      0      0      0      0   3201    345      0      0      0      1      0      0      0      0      0      0
    2     78     33     33      0      0      0      0      0      0   3201    345      0      0      0      1      0      0      0      0      0      0
    3     77     37     34      0      0      0      0      0      0   3201    345      0      0      0      1      0      0      0      0      0      0
    4     78     33     32      0      0      0      0      0      0   3201    345      0      0      0      1      0      0      0      0      0      2
    0     79     42     40      0      0      0      0      0      0   3201    345      0      0      0      1      0      0      0      0      0      0
    1     83     42     38      0      0      0      0      0      0   3201    345      0      0      0      1      0      0      0      0      0      0
    2     78     33     33      0      0      0      0      0      0   3201    345      0      0      0      1      0      0      0      0      0      0
    3     78     37     34      0      0      0      0      0      0   3201    345      0      0      0      1      0      0      0      0      0      0
    4     78     33     32      0      0      0      0      0      0   3201    345      0      0      0      1      0      0      0      0      0      0
    0     79     42     39      0      0      0      0      0      0   3201    345      0      0      0      1      0      0      0      0      0      2
    1     83     41     38      0      0      0      0      0      0   3201    345      0      0      0      1      0      0      0      0      0      1
    2     78     33     33      0      0      0      0      0      0   3201    345      0      0      0      1      0      0      0      0      0      2
    3     77     37     34      0      0      0      0      0      0   3201    345      0      0      0      1      0      0      0      0      5      2
    4     78     33     32      0      0      0      0      0      0   3201    345      0      0      0      1      0      0      0      0      0      4
    0     79     41     39      0      0      0      0      0      0   3201    345      0      0      0      1      0      0      0      0      0      0
    1     83     41     38      0      0      0      0      0      0   3201    345      0      0      0      1      0      0      0      0      0      0
    2     78     33     33      0      0      0      0      0      0   3201    345      0      0      0      1      0      0      0      0      0      0
    3     77     36     34      0      0      0      0      0      0   3201    345      0      0      0      1      0      0      0      0      0      0
    4     78     33     32      0      0      0      0      0      0   3201    345      0      0      0      1      0      0      0      0      0      2
    0     79     41     39      0      0      0      0      0      0   3201    345      0      0      0      1      0      0      0      0      0      0
    1     83     41     38      0      0      0      0      0      0   3201    345      0      0      0      1      0      0      0      0      0      0
    2     78     33     33      0      0      0      0      0      0   3201    345      0      0      0      1      0      0      0      0      0      0
    3     77     36     33      0      0      0      0      0      0   3201    345      0      0      0      1      0      0      0      0      0      0
    4     78     33     32      0      0      0      0      0      0   3201    345      0      0      0      1      0      0      0      0      0      0
    0     79     41     39      0      0      0      0      0      0   3201    345      0      0      0      1      0      0      0      0      0      0
    1     83     41     37      0      0      0      0      0      0   3201    345      0      0      0      1      0      0      0      0      0      0
    2     78     33     33      0      0      0      0      0      0   3201    345      0      0      0      1      0      0      0      0      0      2
# gpu    pwr  gtemp  mtemp     sm    mem    enc    dec    jpg    ofa   mclk   pclk  pviol  tviol     fb   bar1   ccpm  sbecc  dbecc    pci  rxpci  txpci
# Idx      W      C      C      %      %      %      %      %      %    MHz    MHz      %   bool     MB     MB     MB   errs   errs   errs   MB/s   MB/s
    3     77     36     33      0      0      0      0      0      0   3201    345      0      0      0      1      0      0      0      0      0      0
    4     78     33     32      0      0      0      0      0      0   3201    345      0      0      0      1      0      0      0      0      0      0
    0     79     41     39      0      0      0      0      0      0   3201    345      0      0      0      1      0      0      0      0      0      0
    1     83     41     37      0      0      0      0      0      0   3201    345      0      0      0      1      0      0      0      0      0      0
    2     78     33     33      0      0      0      0      0      0   3201    345      0      0      0      1      0      0      0      0      0      0
    3     77     36     33      0      0      0      0      0      0   3201    345      0      0      0      1      0      0      0      0      0      0
    4     78     33     31      0      0      0      0      0      0   3201    345      0      0      0      1      0      0      0      0      0      0
    0     79     41     39      0      0      0      0      0      0   3201    345      0      0      0      1      0      0      0      0      0      0
    1     83     41     37      0      0      0      0      0      0   3201    345      0      0      0      1      0      0      0      0      0      2
    2     78     33     33      0      0      0      0      0      0   3201    345      0      0      0      1      0      0      0      0      0      0
    3     77     36     33      0      0      0      0      0      0   3201    345      0      0      0      1      0      0      0      0      0      0
    4     78     33     31      0      0      0      0      0      0   3201    345      0      0      0      1      0      0      0      0      0      0
    0     79     41     39      0      0      0      0      0      0   3201    345      0      0      0      1      0      0      0      0      0      0
    1     83     41     37      0      0      0      0      0      0   3201    345      0      0      0      1      0      0      0      0      0      0
    2     78     32     33      0      0      0      0      0      0   3201    345      0      0      0      1      0      0      0      0      0      0
    3     77     36     33      0      0      0      0      0      0   3201    345      0      0      0      1      0      0      0      0      0      0
    4     78     33     31      0      0      0      0      0      0   3201    345      0      0      0      1      0      0      0      0      0      0
    0     80     41     39      0      0      0      0      0      0   3201    345      0      0      0      1      0      0      0      0      0      2
    1     83     41     37      0      0      0      0      0      0   3201    345      0      0      0      1      0      0      0      0      0      0
    2     78     32     33      0      0      0      0      0      0   3201    345      0      0      0      1      0      0      0      0      0      0
    3     77     36     33      0      0      0      0      0      0   3201    345      0      0      0      1      0      0      0      0      0      2
    4     78     33     31      0      0      0      0      0      0   3201    345      0      0      0      1      0      0      0      0      0      0
    0     79     41     39      0      0      0      0      0      0   3201    345      0      0      0      1      0      0      0      0      0      0
    1     83     41     37      0      0      0      0      0      0   3201    345      0      0      0      1      0      0      0      0      0      2
    2     78     32     32      0      0      0      0      0      0   3201    345      0      0      0      1      0      0      0      0      0      0
    3     77     36     33      0      0      0      0      0      0   3201    345      0      0      0      1      0      0      0      0      0      0
    4     78     32     31      0      0      0      0      0      0   3201    345      0      0      0      1      0      0      0      0      0      0
    0     79     41     39      0      0      0      0      0      0   3201    345      0      0      0      1      0      0      0      0      0      0
    1     83     41     37      0      0      0      0      0      0   3201    345      0      0      0      1      0      0      0      0      0      0
    2     78     32     32      0      0      0      0      0      0   3201    345      0      0      0      1      0      0      0      0      0      2
    3     77     36     33      0      0      0      0      0      0   3201    345      0      0      0      1      0      0      0      0      0      0
    4     78     32     31      0      0      0      0      0      0   3201    345      0      0      0      1      0      0      0      0      0      0
    0     79     41     39      0      0      0      0      0      0   3201    345      0      0      0      1      0      0      0      0      0      0
    1     83     41     37      0      0      0      0      0      0   3201    345      0      0      0      1      0      0      0      0      0      0
    2     78     32     32      0      0      0      0      0      0   3201    345      0      0      0      1      0      0      0      0      0      0
    3     77     36     33      0      0      0      0      0      0   3201    345      0      0      0      1      0      0      0      0      0      0
    4     78     32     31      0      0      0      0      0      0   3201    345      0      0      0      1      0      0      0      0      0      2
    0     79     41     39      0      0      0      0      0      0   3201    345      0      0      0      1      0      0      0      0      0      0
    1     83     41     37      0      0      0      0      0      0   3201    345      0      0      0      1      0      0      0      0      0      0
    2     78     32     32      0      0      0      0      0      0   3201    345      0      0      0      1      0      0      0      0      0      0
    3     77     35     33      0      0      0      0      0      0   3201    345      0      0      0      1      0      0      0      0      0      0
    4     78     32     31      0      0      0      0      0      0   3201    345      0      0      0      1      0      0      0      0      0      0
    0     79     41     38      0      0      0      0      0      0   3201    345      0      0      0      1      0      0      0      0      0      2
    1     83     41     37      0      0      0      0      0      0   3201    345      0      0      0      1      0      0      0      0      0      0
# gpu    pwr  gtemp  mtemp     sm    mem    enc    dec    jpg    ofa   mclk   pclk  pviol  tviol     fb   bar1   ccpm  sbecc  dbecc    pci  rxpci  txpci
# Idx      W      C      C      %      %      %      %      %      %    MHz    MHz      %   bool     MB     MB     MB   errs   errs   errs   MB/s   MB/s
    2     78     32     32      0      0      0      0      0      0   3201    345      0      0      0      1      0      0      0      0      0      1
    3     77     35     33      0      0      0      0      0      0   3201    345      0      0      0      1      0      0      0      0      0      2
    4     78     32     31      0      0      0      0      0      0   3201    345      0      0      0      1      0      0      0      0      0      0
    0     79     41     39      0      0      0      0      0      0   3201    345      0      0      0      1      0      0      0      0      0      0
    1     83     41     37      0      0      0      0      0      0   3201    345      0      0      0      1      0      0      0      0      0      1
    2     78     32     32      0      0      0      0      0      0   3201    345      0      0      0      1      0      0      0      0      0      0
    3     77     35     33      0      0      0      0      0      0   3201    345      0      0      0      1      0      0      0      0      0      0
    4     78     32     31      0      0      0      0      0      0   3201    345      0      0      0      1      0      0      0      0      0      2
    0     79     41     38      0      0      0      0      0      0   3201    345      0      0      0      1      0      0      0      0      0      0
    1     83     41     37      0      0      0      0      0      0   3201    345      0      0      0      1      0      0      0      0      0      0
    2     78     32     32      0      0      0      0      0      0   3201    345      0      0      0      1      0      0      0      0      0      0
    3     77     35     33      0      0      0      0      0      0   3201    345      0      0      0      1      0      0      0      0      0      0
    4     78     32     31      0      0      0      0      0      0   3201    345      0      0      0      1      0      0      0      0      0      0
    0     79     41     38      0      0      0      0      0      0   3201    345      0      0      0      1      0      0      0      0      0      2
    1     83     40     37      0      0      0      0      0      0   3201    345      0      0      0      1      0      0      0      0      0      0
    2     78     32     32      0      0      0      0      0      0   3201    345      0      0      0      1      0      0      0      0      1      1
    3     77     35     33      0      0      0      0      0      0   3201    345      0      0      0      1      0      0      0      0      0      2
    4     78     32     31      0      0      0      0      0      0   3201    345      0      0      0      1      0      0      0      0      0      0
    0     79     40     38      0      0      0      0      0      0   3201    345      0      0      0      1      0      0      0      0      0      0
    1     83     40     37      0      0      0      0      0      0   3201    345      0      0      0      1      0      0      0      0      0      2
    2     78     32     32      0      0      0      0      0      0   3201    345      0      0      0      1      0      0      0      0      0      0
    3     77     35     33      0      0      0      0      0      0   3201    345      0      0      0      1      0      0      0      0      0      0
    4     78     32     31      0      0      0      0      0      0   3201    345      0      0      0      1      0      0      0      0      1      0
    0     79     40     38      0      0      0      0      0      0   3201    345      0      0      0      1      0      0      0      0      0      0
    1     83     40     37      0      0      0      0      0      0   3201    345      0      0      0      1      0      0      0      0      0      0
    2     78     32     32      0      0      0      0      0      0   3201    345      0      0      0      1      0      0      0      0      0      0
    3     77     35     33      0      0      0      0      0      0   3201    345      0      0      0      1      0      0      0      0      0      0
    4     78     32     31      0      0      0      0      0      0   3201    345      0      0      0      1      0      0      0      0      0      0
    0     79     40     38      0      0      0      0      0      0   3201    345      0      0      0      1      0      0      0      0      0      2
    1     83     40     37      0      0      0      0      0      0   3201    345      0      0      0      1      0      0      0      0      0      0
    2     78     32     32      0      0      0      0      0      0   3201    345      0      0      0      1      0      0      0      0      0      0
    3     77     35     33      0      0      0      0      0      0   3201    345      0      0      0      1      0      0      0      0      0      2
    4     78     32     31      0      0      0      0      0      0   3201    345      0      0      0      1      0      0      0      0      0      0
    0     79     40     38      0      0      0      0      0      0   3201    345      0      0      0      1      0      0      0      0      0      0
    1     83     40     37      0      0      0      0      0      0   3201    345      0      0      0      1      0      0      0      0      0      2
    2     78     32     32      0      0      0      0      0      0   3201    345      0      0      0      1      0      0      0      0      0      0
    3     77     35     33      0      0      0      0      0      0   3201    345      0      0      0      1      0      0      0      0      0      0
    4     78     32     31      0      0      0      0      0      0   3201    345      0      0      0      1      0      0      0      0      0      2
    0     79     40     38      0      0      0      0      0      0   3201    345      0      0      0      1      0      0      0      0      0      0
    1     83     40     37      0      0      0      0      0      0   3201    345      0      0      0      1      0      0      0      0      0      0
    2     78     32     32      0      0      0      0      0      0   3201    345      0      0      0      1      0      0      0      0      0      0
    3     77     35     33      0      0      0      0      0      0   3201    345      0      0      0      1      0      0      0      0      0      0
    4     78     32     31      0      0      0      0      0      0   3201    345      0      0      0      1      0      0      0      0      0      0
    0     79     40     38      0      0      0      0      0      0   3201    345      0      0      0      1      0      0      0      0      0      2
# gpu    pwr  gtemp  mtemp     sm    mem    enc    dec    jpg    ofa   mclk   pclk  pviol  tviol     fb   bar1   ccpm  sbecc  dbecc    pci  rxpci  txpci
# Idx      W      C      C      %      %      %      %      %      %    MHz    MHz      %   bool     MB     MB     MB   errs   errs   errs   MB/s   MB/s
    1     83     40     37      0      0      0      0      0      0   3201    345      0      0      0      1      0      0      0      0      0      0
    2     78     32     32      0      0      0      0      0      0   3201    345      0      0      0      1      0      0      0      0      0      2
    3     77     35     33      0      0      0      0      0      0   3201    345      0      0      0      1      0      0      0      0      0      2
    4     78     32     30      0      0      0      0      0      0   3201    345      0      0      0      1      0      0      0      0      0      0
    0     79     40     38      0      0      0      0      0      0   3201    345      0      0      0      1      0      0      0      0      0      0
    1     83     40     36      0      0      0      0      0      0   3201    345      0      0      0      1      0      0      0      0      0      0
    2     78     32     32      0      0      0      0      0      0   3201    345      0      0      0      1      0      0      0      0      0      0
    3     77     35     33      0      0      0      0      0      0   3201    345      0      0      0      1      0      0      0      0      0      0
    4     78     32     30      0      0      0      0      0      0   3201    345      0      0      0      1      0      0      0      0      0      2
    0     79     40     38      0      0      0      0      0      0   3201    345      0      0      0      1      0      0      0      0      0      0
    1     83     40     37      0      0      0      0      0      0   3201    345      0      0      0      1      0      0      0      0      0      0
    2     78     32     32      0      0      0      0      0      0   3201    345      0      0      0      1      0      0      0      0      0      0
    3     77     35     33      0      0      0      0      0      0   3201    345      0      0      0      1      0      0      0      0      0      0
    4     78     32     30      0      0      0      0      0      0   3201    345      0      0      0      1      0      0      0      0      0      0
    0     79     40     38      0      0      0      0      0      0   3201    345      0      0      0      1      0      0      0      0      0      2
    1     83     40     36      0      0      0      0      0      0   3201    345      0      0      0      1      0      0      0      0      0      0
    2     78     32     32      0      0      0      0      0      0   3201    345      0      0      0      1      0      0      0      0      0      0
    3     77     35     33      0      0      0      0      0      0   3201    345      0      0      0      1      0      0      0      0      0      2
    4     78     32     30      0      0      0      0      0      0   3201    345      0      0      0      1      0      0      0      0      0      0
    0     79     40     38      0      0      0      0      0      0   3201    345      0      0      0      1      0      0      0      0      0      0
    1     83     40     36      0      0      0      0      0      0   3201    345      0      0      0      1      0      0      0      0      0      2
    2     78     32     32      0      0      0      0      0      0   3201    345      0      0      0      1      0      0      0      0      0      0
    3     78     35     33      0      0      0      0      0      0   3201    345      0      0      0      1      0      0      0      0      0      0
    4     78     32     30      0      0      0      0      0      0   3201    345      0      0      0      1      0      0      0      0      0      0
    0     79     40     38      0      0      0      0      0      0   3201    345      0      0      0      1      0      0      0      0      0      0
    1     83     40     36      0      0      0      0      0      0   3201    345      0      0      0      1      0      0      0      0      0      0
    2     78     32     32      0      0      0      0      0      0   3201    345      0      0      0      1      0      0      0      0      0      0
    3     78     35     33      0      0      0      0      0      0   3201    345      0      0      0      1      0      0      0      0      0      0
    4     78     32     30      0      0      0      0      0      0   3201    345      0      0      0      1      0      0      0      0      0      0
    0     79     40     38      0      0      0      0      0      0   3201    345      0      0      0      1      0      0      0      0      0      2
    1     83     40     36      0      0      0      0      0      0   3201    345      0      0      0      1      0      0      0      0      0      0
    2     78     32     32      0      0      0      0      0      0   3201    345      0      0      0      1      0      0      0      0      0      0
    3     78     35     33      0      0      0      0      0      0   3201    345      0      0      0      1      0      0      0      0      0      2
    4     78     32     30      0      0      0      0      0      0   3201    345      0      0      0      1      0      0      0      0      0      0
    0     79     40     38      0      0      0      0      0      0   3201    345      0      0      0      1      0      0      0      0      0      0
    1     83     40     36      0      0      0      0      0      0   3201    345      0      0      0      1      0      0      0      0      0      2
    2     78     32     32      0      0      0      0      0      0   3201    345      0      0      0      1      0      0      0      0      0      0
    3     77     34     33      0      0      0      0      0      0   3201    345      0      0      0      1      0      0      0      0      0      0
    4     78     32     30      0      0      0      0      0      0   3201    345      0      0      0      1      0      0      0      0      0      2
    0     79     40     38      0      0      0      0      0      0   3201    345      0      0      0      1      0      0      0      0      0      0
    1     83     40     36      0      0      0      0      0      0   3201    345      0      0      0      1      0      0      0      0      0      0
    2     78     31     31      0      0      0      0      0      0   3201    345      0      0      0      1      0      0      0      0      0      0
    3     77     34     33      0      0      0      0      0      0   3201    345      0      0      0      1      0      0      0      0      0      0
    4     78     32     30      0      0      0      0      0      0   3201    345      0      0      0      1      0      0      0      0      0      0
# gpu    pwr  gtemp  mtemp     sm    mem    enc    dec    jpg    ofa   mclk   pclk  pviol  tviol     fb   bar1   ccpm  sbecc  dbecc    pci  rxpci  txpci
# Idx      W      C      C      %      %      %      %      %      %    MHz    MHz      %   bool     MB     MB     MB   errs   errs   errs   MB/s   MB/s
    0     79     40     38      0      0      0      0      0      0   3201    345      0      0      0      1      0      0      0      0      0      2
    1     83     40     36      0      0      0      0      0      0   3201    345      0      0      0      1      0      0      0      0      0      0
    2     78     31     32      0      0      0      0      0      0   3201    345      0      0      0      1      0      0      0      0      0      0
    3     77     34     33      0      0      0      0      0      0   3201    345      0      0      0      1      0      0      0      0      0      2
    4     78     32     30      0      0      0      0      0      0   3201    345      0      0      0      1      0      0      0      0      0      0
    0     79     40     38      0      0      0      0      0      0   3201    345      0      0      0      1      0      0      0      0      0      0
    1     83     40     36      0      0      0      0      0      0   3201    345      0      0      0      1      0      0      0      0      0      2
    2     78     31     31      0      0      0      0      0      0   3201    345      0      0      0      1      0      0      0      0      0      0
    3     78     34     33      0      0      0      0      0      0   3201    345      0      0      0      1      0      0      0      0      0      0
    4     78     32     30      0      0      0      0      0      0   3201    345      0      0      0      1      0      0      0      0      0      2
    0     79     40     38      0      0      0      0      0      0   3201    345      0      0      0      1      0      0      0      0      0      0
    1     83     40     36      0      0      0      0      0      0   3201    345      0      0      0      1      0      0      0      0      0      0
    2     78     31     31      0      0      0      0      0      0   3201    345      0      0      0      1      0      0      0      0      0      0
    3     78     34     32      0      0      0      0      0      0   3201    345      0      0      0      1      0      0      0      0      0      0
    4     78     32     30      0      0      0      0      0      0   3201    345      0      0      0      1      0      0      0      0      0      0
    0     79     40     38      0      0      0      0      0      0   3201    345      0      0      0      1      0      0      0      0      0      2
    1     83     40     36      0      0      0      0      0      0   3201    345      0      0      0      1      0      0      0      0      0      0
    2     78     31     31      0      0      0      0      0      0   3201    345      0      0      0      1      0      0      0      0      0      2
    3     77     34     33      0      0      0      0      0      0   3201    345      0      0      0      1      0      0      0      0      0      2
    4     78     32     30      0      0      0      0      0      0   3201    345      0      0      0      1      0      0      0      0      0      0
    0     79     40     38      0      0      0      0      0      0   3201    345      0      0      0      1      0      0      0      0      0      0
    1     83     40     36      0      0      0      0      0      0   3201    345      0      0      0      1      0      0      0      0      0      0
    2     78     31     31      0      0      0      0      0      0   3201    345      0      0      0      1      0      0      0      0      0      0
    3     77     34     32      0      0      0      0      0      0   3201    345      0      0      0      1      0      0      0      0      0      0
    4     78     32     30      0      0      0      0      0      0   3201    345      0      0      0      1      0      0      0      0      0      2
    0     79     40     38      0      0      0      0      0      0   3201    345      0      0      0      1      0      0      0      0      0      0
    1     83     40     36      0      0      0      0      0      0   3201    345      0      0      0      1      0      0      0      0      0      0
    2     78     31     31      0      0      0      0      0      0   3201    345      0      0      0      1      0      0      0      0      0      0
    3     77     34     32      0      0      0      0      0      0   3201    345      0      0      0      1      0      0      0      0      0      0
    4     78     32     30      0      0      0      0      0      0   3201    345      0      0      0      1      0      0      0      0      0      0
    0     79     40     38      0      0      0      0      0      0   3201    345      0      0      0      1      0      0      0      0      0      2
    1     83     40     36      0      0      0      0      0      0   3201    345      0      0      0      1      0      0      0      0      0      0
    2     78     31     31      0      0      0      0      0      0   3201    345      0      0      0      1      0      0      0      0      0      2
    3     77     34     32      0      0      0      0      0      0   3201    345      0      0      0      1      0      0      0      0      0      2
    4     78     31     30      0      0      0      0      0      0   3201    345      0      0      0      1      0      0      0      0      0      0
    0     79     40     38      0      0      0      0      0      0   3201    345      0      0      0      1      0      0      0      0      0      0
    1     83     40     36      0      0      0      0      0      0   3201    345      0      0      0      1      0      0      0      0      0      0
    2     77     31     31      0      0      0      0      0      0   3201    345      0      0      0      1      0      0      0      0      0      0
    3     77     34     32      0      0      0      0      0      0   3201    345      0      0      0      1      0      0      0      0      0      0
    4     78     31     30      0      0      0      0      0      0   3201    345      0      0      0      1      0      0      0      0      0      2
    0     79     40     38      0      0      0      0      0      0   3201    345      0      0      0      1      0      0      0      0      0      0
    1     83     40     36      0      0      0      0      0      0   3201    345      0      0      0      1      0      0      0      0      0      0
    2     77     31     31      0      0      0      0      0      0   3201    345      0      0      0      1      0      0      0      0      0      0
    3     77     34     32      0      0      0      0      0      0   3201    345      0      0      0      1      0      0      0      0      0      0
# gpu    pwr  gtemp  mtemp     sm    mem    enc    dec    jpg    ofa   mclk   pclk  pviol  tviol     fb   bar1   ccpm  sbecc  dbecc    pci  rxpci  txpci
# Idx      W      C      C      %      %      %      %      %      %    MHz    MHz      %   bool     MB     MB     MB   errs   errs   errs   MB/s   MB/s
    4     78     31     30      0      0      0      0      0      0   3201    345      0      0      0      1      0      0      0      0      0      0
    0     79     40     38      0      0      0      0      0      0   3201    345      0      0      0      1      0      0      0      0      0      2
    1     83     40     36      0      0      0      0      0      0   3201    345      0      0      0      1      0      0      0      0      0      0
    2     78     31     31      0      0      0      0      0      0   3201    345      0      0      0      1      0      0      0      0      0      2
    3     77     34     32      0      0      0      0      0      0   3201    345      0      0      0      1      0      0      0      0      0      2
    4     78     31     30      0      0      0      0      0      0   3201    345      0      0      0      1      0      0      0      0      0      0
    0     79     40     38      0      0      0      0      0      0   3201    345      0      0      0      1      0      0      0      0      0      0
    1     83     40     36      0      0      0      0      0      0   3201    345      0      0      0      1      0      0      0      0      0      0
    2     78     31     31      0      0      0      0      0      0   3201    345      0      0      0      1      0      0      0      0      0      0
    3     77     34     32      0      0      0      0      0      0   3201    345      0      0      0      1      0      0      0      0      0      0
    4     78     31     30      0      0      0      0      0      0   3201    345      0      0      0      1      0      0      0      0      0      2
    0     79     40     38      0      0      0      0      0      0   3201    345      0      0      0      1      0      0      0      0      0      0
    1     83     40     36      0      0      0      0      0      0   3201    345      0      0      0      1      0      0      0      0      0      0
    2     78     31     31      0      0      0      0      0      0   3201    345      0      0      0      1      0      0      0      0      0      0
    3     77     34     32      0      0      0      0      0      0   3201    345      0      0      0      1      0      0      0      0      0      0
    4     78     31     30      0      0      0      0      0      0   3201    345      0      0      0      1      0      0      0      0      0      0
    0     79     40     38      0      0      0      0      0      0   3201    345      0      0      0      1      0      0      0      0      0      0
    1     83     40     36      0      0      0      0      0      0   3201    345      0      0      0      1      0      0      0      0      0      0
    2     78     31     31      0      0      0      0      0      0   3201    345      0      0      0      1      0      0      0      0      0      2
    3     77     34     32      0      0      0      0      0      0   3201    345      0      0      0      1      0      0      0      0      0      0
    4     78     31     30      0      0      0      0      0      0   3201    345      0      0      0      1      0      0      0      0      0      0
    0     79     40     38      0      0      0      0      0      0   3201    345      0      0      0      1      0      0      0      0      0      0
    1     83     40     36      0      0      0      0      0      0   3201    345      0      0      0      1      0      0      0      0      0      0
    2     77     31     31      0      0      0      0      0      0   3201    345      0      0      0      1      0      0      0      0      0      0
    3     77     34     32      0      0      0      0      0      0   3201    345      0      0      0      1      0      0      0      0      0      0
    4     78     31     30      0      0      0      0      0      0   3201    345      0      0      0      1      0      0      0      0      0      0
    0     79     40     38      0      0      0      0      0      0   3201    345      0      0      0      1      0      0      0      0      0      0
    1     83     40     36      0      0      0      0      0      0   3201    345      0      0      0      1      0      0      0      0      0      2
    2     77     31     31      0      0      0      0      0      0   3201    345      0      0      0      1      0      0      0      0      0      0
    3     77     34     32      0      0      0      0      0      0   3201    345      0      0      0      1      0      0      0      0      0      0
    4     78     31     30      0      0      0      0      0      0   3201    345      0      0      0      1      0      0      0      0      0      0
    0     79     40     38      0      0      0      0      0      0   3201    345      0      0      0      1      0      0      0      0      0      0
    1     83     40     36      0      0      0      0      0      0   3201    345      0      0      0      1      0      0      0      0      0      0
    2     77     31     31      0      0      0      0      0      0   3201    345      0      0      0      1      0      0      0      0      0      0
    3     77     34     32      0      0      0      0      0      0   3201    345      0      0      0      1      0      0      0      0      0      0
    4     78     31     30      0      0      0      0      0      0   3201    345      0      0      0      1      0      0      0      0      0      0
    0     79     40     38      0      0      0      0      0      0   3201    345      0      0      0      1      0      0      0      0      0      0
    1     83     40     36      0      0      0      0      0      0   3201    345      0      0      0      1      0      0      0      0      0      0
    2     77     31     31      0      0      0      0      0      0   3201    345      0      0      0      1      0      0      0      0      0      0
    3     77     34     32      0      0      0      0      0      0   3201    345      0      0      0      1      0      0      0      0      0      0
    4     78     31     30      0      0      0      0      0      0   3201    345      0      0      0      1      0      0      0      0      0      0
    0     79     40     37      0      0      0      0      0      0   3201    345      0      0      0      1      0      0      0      0      0      0
    1     83     40     36      0      0      0      0      0      0   3201    345      0      0      0      1      0      0      0      0      0      2
    2     77     31     31      0      0      0      0      0      0   3201    345      0      0      0      1      0      0      0      0      0      0
# gpu    pwr  gtemp  mtemp     sm    mem    enc    dec    jpg    ofa   mclk   pclk  pviol  tviol     fb   bar1   ccpm  sbecc  dbecc    pci  rxpci  txpci
# Idx      W      C      C      %      %      %      %      %      %    MHz    MHz      %   bool     MB     MB     MB   errs   errs   errs   MB/s   MB/s
    3     77     34     32      0      0      0      0      0      0   3201    345      0      0      0      1      0      0      0      0      0      0
    4     78     31     30      0      0      0      0      0      0   3201    345      0      0      0      1      0      0      0      0      0      0
    0     79     40     38      0      0      0      0      0      0   3201    345      0      0      0      1      0      0      0      0      0      0
    1     83     40     36      0      0      0      0      0      0   3201    345      0      0      0      1      0      0      0      0      0      0
    2     77     31     31      0      0      0      0      0      0   3201    345      0      0      0      1      0      0      0      0      0      2
    3     77     34     32      0      0      0      0      0      0   3201    345      0      0      0      1      0      0      0      0      0      0
    4     78     31     30      0      0      0      0      0      0   3201    345      0      0      0      1      0      0      0      0      0      0
    0     79     40     37      0      0      0      0      0      0   3201    345      0      0      0      1      0      0      0      0      0      0
    1     83     40     36      0      0      0      0      0      0   3201    345      0      0      0      1      0      0      0      0      0      0
    2     77     31     31      0      0      0      0      0      0   3201    345      0      0      0      1      0      0      0      0      0      0
    3     77     34     32      0      0      0      0      0      0   3201    345      0      0      0      1      0      0      0      0      0      0
    4     78     31     30      0      0      0      0      0      0   3201    345      0      0      0      1      0      0      0      0      0      2
    0     79     40     37      0      0      0      0      0      0   3201    345      0      0      0      1      0      0      0      0      0      0
    1     83     40     36      0      0      0      0      0      0   3201    345      0      0      0      1      0      0      0      0      0      0
    2     77     31     31      0      0      0      0      0      0   3201    345      0      0      0      1      0      0      0      0      0      0
    3     77     34     32      0      0      0      0      0      0   3201    345      0      0      0      1      0      0      0      0      0      0
    4     78     31     30      0      0      0      0      0      0   3201    345      0      0      0      1      0      0      0      0      0      0
    0     79     40     37      0      0      0      0      0      0   3201    345      0      0      0      1      0      0      0      0      0      0
    1     83     40     36      0      0      0      0      0      0   3201    345      0      0      0      1      0      0      0      0      0      0
    2     77     31     31      0      0      0      0      0      0   3201    345      0      0      0      1      0      0      0      0      0      2
    3     77     34     32      0      0      0      0      0      0   3201    345      0      0      0      1      0      0      0      0      0      0
    4     78     31     30      0      0      0      0      0      0   3201    345      0      0      0      1      0      0      0      0      0      0
    0     79     40     37      0      0      0      0      0      0   3201    345      0      0      0      1      0      0      0      0      0      0
    1     83     40     36      0      0      0      0      0      0   3201    345      0      0      0      1      0      0      0      0      0      1
    2     78     31     31      0      0      0      0      0      0   3201    345      0      0      0      1      0      0      0      0      0      0
    3     77     34     32      0      0      0      0      0      0   3201    345      0      0      0      1      0      0      0      0      0      0
    4     78     31     30      0      0      0      0      0      0   3201    345      0      0      0      1      0      0      0      0      0      2
    0     79     40     37      0      0      0      0      0      0   3201    345      0      0      0      1      0      0      0      0      0      8
    1     83     40     36      0      0      0      0      0      0   3201    345      0      0      0      1      0      0      0      0      2      8
    2     77     31     31      0      0      0      0      0      0   3201    345      0      0      0      1      0      0      0      0      3      2
    3     77     34     32      0      0      0      0      0      0   3201    345      0      0      0      1      0      0      0      0      3      2
    4     78     31     30      0      0      0      0      0      0   3201    345      0      0      0      1      0      0      0      0      8      3
    0     79     40     37      0      0      0      0      0      0   3201    345      0      0      0      1      0      0      0      0      0      0
    1     83     40     36      0      0      0      0      0      0   3201    345      0      0      0      1      0      0      0      0      0      0
    2     78     31     31      0      0      0      0      0      0   3201    345      0      0      0      1      0      0      0      0      0      0
    3     77     34     32      0      0      0      0      0      0   3201    345      0      0      0      1      0      0      0      0      0      0
    4     78     31     30      0      0      0      0      0      0   3201    345      0      0      0      1      0      0      0      0      0      0
    0     79     40     37      0      0      0      0      0      0   3201    345      0      0      0      1      0      0      0      0      0      2
    1     83     40     36      0      0      0      0      0      0   3201    345      0      0      0      1      0      0      0      0      0      0
    2     77     31     31      0      0      0      0      0      0   3201    345      0      0      0      1      0      0      0      0      0      0
    3     77     34     32      0      0      0      0      0      0   3201    345      0      0      0      1      0      0      0      0      0      2
    4     78     31     30      0      0      0      0      0      0   3201    345      0      0      0      1      0      0      0      0      0      0
    0     79     40     37      0      0      0      0      0      0   3201    345      0      0      0      1      0      0      0      0      0      0
    1     83     40     36      0      0      0      0      0      0   3201    345      0      0      0      1      0      0      0      0      0      2
# gpu    pwr  gtemp  mtemp     sm    mem    enc    dec    jpg    ofa   mclk   pclk  pviol  tviol     fb   bar1   ccpm  sbecc  dbecc    pci  rxpci  txpci
# Idx      W      C      C      %      %      %      %      %      %    MHz    MHz      %   bool     MB     MB     MB   errs   errs   errs   MB/s   MB/s
    2     77     31     31      0      0      0      0      0      0   3201    345      0      0      0      1      0      0      0      0      0      0
    3     77     34     32      0      0      0      0      0      0   3201    345      0      0      0      1      0      0      0      0      0      0
    4     78     31     30      0      0      0      0      0      0   3201    345      0      0      0      1      0      0      0      0      0      2
    0     79     40     37      0      0      0      0      0      0   3201    345      0      0      0      1      0      0      0      0      0      0
    1     83     40     36      0      0      0      0      0      0   3201    345      0      0      0      1      0      0      0      0      0      0
    2     78     31     31      0      0      0      0      0      0   3201    345      0      0      0      1      0      0      0      0      0      0
    3     77     34     32      0      0      0      0      0      0   3201    345      0      0      0      1      0      0      0      0      0      0
    4     78     31     30      0      0      0      0      0      0   3201    345      0      0      0      1      0      0      0      0      0      0
    0     79     40     37      0      0      0      0      0      0   3201    345      0      0      0      1      0      0      0      0      0      2
    1     83     40     36      0      0      0      0      0      0   3201    345      0      0      0      1      0      0      0      0      0      0
    2     77     31     31      0      0      0      0      0      0   3201    345      0      0      0      1      0      0      0      0      0      0
    3     77     34     32      0      0      0      0      0      0   3201    345      0      0      0      1      0      0      0      0      0      2
    4     78     31     30      0      0      0      0      0      0   3201    345      0      0      0      1      0      0      0      0      0      0
    0     79     39     37      0      0      0      0      0      0   3201    345      0      0      0      1      0      0      0      0      0      0
    1     83     40     36      0      0      0      0      0      0   3201    345      0      0      0      1      0      0      0      0      0      2
    2     77     31     31      0      0      0      0      0      0   3201    345      0      0      0      1      0      0      0      0      0      0
    3     77     34     32      0      0      0      0      0      0   3201    345      0      0      0      1      0      0      0      0      0      0
    4     78     31     30      0      0      0      0      0      0   3201    345      0      0      0      1      0      0      0      0      0      2
    0     79     39     37      0      0      0      0      0      0   3201    345      0      0      0      1      0      0      0      0      0      0
    1     83     40     36      0      0      0      0      0      0   3201    345      0      0      0      1      0      0      0      0      0      0
    2     77     31     31      0      0      0      0      0      0   3201    345      0      0      0      1      0      0      0      0      0      2
    3     77     34     32      0      0      0      0      0      0   3201    345      0      0      0      1      0      0      0      0      0      0
    4     78     31     30      0      0      0      0      0      0   3201    345      0      0      0      1      0      0      0      0      0      0
    0     79     39     37      0      0      0      0      0      0   3201    345      0      0      0      1      0      0      0      0      0      0
    1     83     40     36      0      0      0      0      0      0   3201    345      0      0      0      1      0      0      0      0      0      0
    2     77     31     31      0      0      0      0      0      0   3201    345      0      0      0      1      0      0      0      0      0      0
    3     77     34     32      0      0      0      0      0      0   3201    345      0      0      0      1      0      0      0      0      0      0
    4     78     31     30      0      0      0      0      0      0   3201    345      0      0      0      1      0      0      0      0      0      2
    0     79     39     37      0      0      0      0      0      0   3201    345      0      0      0      1      0      0      0      0      0      0
    1     83     40     36      0      0      0      0      0      0   3201    345      0      0      0      1      0      0      0      0      0      0
    2     77     31     31      0      0      0      0      0      0   3201    345      0      0      0      1      0      0      0      0      0      0
    3     77     34     32      0      0      0      0      0      0   3201    345      0      0      0      1      0      0      0      0      0      0
    4     78     31     30      0      0      0      0      0      0   3201    345      0      0      0      1      0      0      0      0      0      0
    0     79     39     37      0      0      0      0      0      0   3201    345      0      0      0      1      0      0      0      0      0      2
    1     83     40     36      0      0      0      0      0      0   3201    345      0      0      0      1      0      0      0      0      0      0
    2     77     31     31      0      0      0      0      0      0   3201    345      0      0      0      1      0      0      0      0      0      2
    3     77     34     32      0      0      0      0      0      0   3201    345      0      0      0      1      0      0      0      0      0      2
    4     78     31     30      0      0      0      0      0      0   3201    345      0      0      0      1      0      0      0      0      0      0
    0     79     39     37      0      0      0      0      0      0   3201    345      0      0      0      1      0      0      0      0      0      0
    1     83     40     36      0      0      0      0      0      0   3201    345      0      0      0      1      0      0      0      0      0      2
    2     77     31     31      0      0      0      0      0      0   3201    345      0      0      0      1      0      0      0      0      0      0
    3     77     34     32      0      0      0      0      0      0   3201    345      0      0      0      1      0      0      0      0      0      0
    4     78     31     30      0      0      0      0      0      0   3201    345      0      0      0      1      0      0      0      0      0      2
    0     79     39     37      0      0      0      0      0      0   3201    345      0      0      0      1      0      0      0      0      0      0
# gpu    pwr  gtemp  mtemp     sm    mem    enc    dec    jpg    ofa   mclk   pclk  pviol  tviol     fb   bar1   ccpm  sbecc  dbecc    pci  rxpci  txpci
# Idx      W      C      C      %      %      %      %      %      %    MHz    MHz      %   bool     MB     MB     MB   errs   errs   errs   MB/s   MB/s
    1     83     40     36      0      0      0      0      0      0   3201    345      0      0      0      1      0      0      0      0      0      0
    2     77     31     31      0      0      0      0      0      0   3201    345      0      0      0      1      0      0      0      0      0      2
    3     77     34     32      0      0      0      0      0      0   3201    345      0      0      0      1      0      0      0      0      0      0
    4     78     31     30      0      0      0      0      0      0   3201    345      0      0      0      1      0      0      0      0      0      0
    0     79     39     37      0      0      0      0      0      0   3201    345      0      0      0      1      0      0      0      0      0      1
    1     83     40     36      0      0      0      0      0      0   3201    345      0      0      0      1      0      0      0      0      0      0
    2     77     31     31      0      0      0      0      0      0   3201    345      0      0      0      1      0      0      0      0      0      0
    3     77     34     32      0      0      0      0      0      0   3201    345      0      0      0      1      0      0      0      0      1      1
    4     78     31     30      0      0      0      0      0      0   3201    345      0      0      0      1      0      0      0      0      0      0
    0     79     39     37      0      0      0      0      0      0   3201    345      0      0      0      1      0      0      0      0      0      0
    1     83     40     36      0      0      0      0      0      0   3201    345      0      0      0      1      0      0      0      0      0      2
    2     77     31     31      0      0      0      0      0      0   3201    345      0      0      0      1      0      0      0      0      0      0
    3     77     34     32      0      0      0      0      0      0   3201    345      0      0      0      1      0      0      0      0      0      0
    4     78     31     30      0      0      0      0      0      0   3201    345      0      0      0      1      0      0      0      0      0      0
    0     79     39     37      0      0      0      0      0      0   3201    345      0      0      0      1      0      0      0      0      0      0
    1     83     40     36      0      0      0      0      0      0   3201    345      0      0      0      1      0      0      0      0      0      0
    2     77     31     31      0      0      0      0      0      0   3201    345      0      0      0      1      0      0      0      0      0      0
    3     77     34     32      0      0      0      0      0      0   3201    345      0      0      0      1      0      0      0      0      0      0
    4     78     31     30      0      0      0      0      0      0   3201    345      0      0      0      1      0      0      0      0      0      0
    0     79     39     37      0      0      0      0      0      0   3201    345      0      0      0      1      0      0      0      0      0      2
    1     83     40     36      0      0      0      0      0      0   3201    345      0      0      0      1      0      0      0      0      0      0
    2     78     31     31      0      0      0      0      0      0   3201    345      0      0      0      1      0      0      0      0      0      0
    3     77     34     32      0      0      0      0      0      0   3201    345      0      0      0      1      0      0      0      0      0      2
    4     78     31     30      0      0      0      0      0      0   3201    345      0      0      0      1      0      0      0      0      0      0
    0     79     39     37      0      0      0      0      0      0   3201    345      0      0      0      1      0      0      0      0      0      0
    1     83     40     36      0      0      0      0      0      0   3201    345      0      0      0      1      0      0      0      0      0      2
    2     77     31     31      0      0      0      0      0      0   3201    345      0      0      0      1      0      0      0      0      0      0
    3     77     34     32      0      0      0      0      0      0   3201    345      0      0      0      1      0      0      0      0      0     19
    4     78     31     30      0      0      0      0      0      0   3201    345      0      0      1      1      0      0      0      0     11      4
    0     79     39     37      0      0      0      0      0      0   3201    345      0      0      4      4      0      0      0      0      2     18
    1     83     40     36      0      0      0      0      0      0   3201    345      0      0      4      4      0      0      0      0      3      2
    2     80     31     31      0      0      0      0      0      0   3201    795      0      0      4      4      0      0      0      0      0      0
    3     77     34     32      0      0      0      0      0      0   3201    345      0      0      4      4      0      0      0      0      0      0
    4     78     31     30      0      0      0      0      0      0   3201    345      0      0      4      4      0      0      0      0     21     22
    0    117     40     37      0      0      0      0      0      0   3201   1980      0      0    717    718      0      0      0      0      0      0
    1    119     41     36      0      0      0      0      0      0   3201   1980      0      0    529    530      0      0      0      0    214    136
    2    105     32     31      0      0      0      0      0      0   3201   1980      0      0    529    530      0      0      0      0      0      0
    3    101     35     32      0      0      0      0      0      0   3201   1980      0      0    717    718      0      0      0      0      0      0
    4    100     32     30      0      0      0      0      0      0   3201   1980      0      0    529    530      0      0      0      0      0      0
    0    126     41     37      0      0      0      0      0      0   3201   1980      0      0  26531  26532      0      0      0      0      0      5
    1    132     41     36      0      0      0      0      0      0   3201   1980      0      0  26531  26532      0      0      0      0     15      8
    2    125     33     31     13      0      0      0      0      0   3201   1980      0      0  26531  26532      0      0      0      0     14      6
    3    131     36     33      6      1      0      0      0      0   3201   1980      0      0  26531  26532      0      0      0      0     15      7
    4    130     33     30      6      0      0      0      0      0   3201   1980      0      0  26531  26532      0      0      0      0     11      7
# gpu    pwr  gtemp  mtemp     sm    mem    enc    dec    jpg    ofa   mclk   pclk  pviol  tviol     fb   bar1   ccpm  sbecc  dbecc    pci  rxpci  txpci
# Idx      W      C      C      %      %      %      %      %      %    MHz    MHz      %   bool     MB     MB     MB   errs   errs   errs   MB/s   MB/s
    0    274     44     43    100     42      0      0      0      0   3201   1980      0      0  26531  26532      0      0      0      0     16      7
    1    280     44     42    100     42      0      0      0      0   3201   1980      0      0  26531  26532      0      0      0      0     13      7
    2    265     35     36    100     42      0      0      0      0   3201   1980      0      0  26531  26532      0      0      0      0      2      2
    3    269     38     37    100     42      0      0      0      0   3201   1980      0      0  26531  26532      0      0      0      0     43     15
    4    270     36     35    100     42      0      0      0      0   3201   1980      0      0  26531  26532      0      0      0      0     58     13
    0    147     42     38     31      0      0      0      0      0   3201   1980      0      0  26531  26532      0      0      0      0     12     51
    1    152     42     37     26      0      0      0      0      0   3201   1980      0      0  26531  26532      0      0      0      0      0      1
    2    141     34     32     24      0      0      0      0      0   3201   1980      0      0  26531  26532      0      0      0      0     25      0
    3    141     36     33     25      0      0      0      0      0   3201   1980      0      0  26531  26532      0      0      0      0      0     46
    4    143     34     31     24      0      0      0      0      0   3201   1980      0      0  26531  26532      0      0      0      0     25      0
    0    168     43     39     39     10      0      0      0      0   3201   1980      0      0  26531  26532      0      0      0      0     18      9
    1    174     43     39     65     17      0      0      0      0   3201   1980      0      0  26531  26532      0      0      0      0     15      6
    2    162     34     33     55     10      0      0      0      0   3201   1980      0      0  26531  26532      0      0      0      0     14      2
    3    169     37     33     77     19      0      0      0      0   3201   1980      0      0  26531  26532      0      0      0      0      0     47
    4    177     35     33     90     24      0      0      0      0   3201   1980      0      0  26531  26532      0      0      0      0      9      7
    0    213     43     41     99     33      0      0      0      0   3201   1980      0      0  26531  26532      0      0      0      0     16      7
    1    218     43     41     64     16      0      0      0      0   3201   1980      0      0  26531  26532      0      0      0      0     14      6
    2    208     35     34     50     16      0      0      0      0   3201   1980      0      0  26531  26532      0      0      0      0     14      6
    3    211     38     36     77     26      0      0      0      0   3201   1980      0      0  26531  26532      0      0      0      0     15      7
    4    223     36     34     63     20      0      0      0      0   3201   1980      0      0  26531  26532      0      0      0      0     14      6
    0    234     43     41    100     37      0      0      0      0   3201   1980      0      0  26531  26532      0      0      0      0      8      9
    1    228     43     40     19      1      0      0      0      0   3201   1980      0      0  26531  26532      0      0      0      0     14      6
    2    215     34     34     18      0      0      0      0      0   3201   1980      0      0  26531  26532      0      0      0      0     14      6
    3    217     37     34     22      1      0      0      0      0   3201   1980      0      0  26531  26532      0      0      0      0     16      7
    4    219     36     33     18      0      0      0      0      0   3201   1980      0      0  26531  26532      0      0      0      0     15      7
    0    243     43     40     20      1      0      0      0      0   3201   1980      0      0  26531  26532      0      0      0      0     16      7
    1    249     43     39     45     18      0      0      0      0   3201   1980      0      0  26531  26532      0      0      0      0     14      8
    2    233     36     36     19      1      0      0      0      0   3201   1980      0      0  26531  26532      0      0      0      0     14      6
    3    238     39     36     39      9      0      0      0      0   3201   1980      0      0  26531  26532      0      0      0      0     15      7
    4    240     36     35     24      2      0      0      0      0   3201   1980      0      0  26531  26532      0      0      0      0     15      7
    0    230     43     40      0      0      0      0      0      0   3201   1980      0      0  26531  26532      0      0      0      0     16      7
    1    237     44     40      2      1      0      0      0      0   3201   1980      0      0  26531  26532      0      0      0      0     14      6
    2    222     36     35     38      2      0      0      0      0   3201   1980      0      0  26531  26532      0      0      0      0     14      8
    3    225     39     37     40      2      0      0      0      0   3201   1980      0      0  26531  26532      0      0      0      0     15      9
    4    228     37     36    100     42      0      0      0      0   3201   1980      0      0  26531  26532      0      0      0      0     15      7
    0    292     45     44    100     42      0      0      0      0   3201   1980      0      0  26531  26532      0      0      0      0     16      7
    1    297     46     43    100     42      0      0      0      0   3201   1980      0      0  26531  26532      0      0      0      0     14      7
    2    281     37     39    100     42      0      0      0      0   3201   1980      0      0  26531  26532      0      0      0      0     14      7
    3    287     40     39    100     42      0      0      0      0   3201   1980      0      0  26531  26532      0      0      0      0     15      7
    4    287     38     37    100     42      0      0      0      0   3201   1980      0      0  26531  26532      0      0      0      0     14      8
    0    220     45     44    100     42      0      0      0      0   3201   1980      0      0  26531  26532      0      0      0      0     17     10
    1    227     46     43    100     42      0      0      0      0   3201   1980      0      0  26531  26532      0      0      0      0     14      6
    2    214     37     38    100     42      0      0      0      0   3201   1980      0      0  26531  26532      0      0      0      0     14      7
    3    218     40     39    100     42      0      0      0      0   3201   1980      0      0  26531  26532      0      0      0      0     15      7
# gpu    pwr  gtemp  mtemp     sm    mem    enc    dec    jpg    ofa   mclk   pclk  pviol  tviol     fb   bar1   ccpm  sbecc  dbecc    pci  rxpci  txpci
# Idx      W      C      C      %      %      %      %      %      %    MHz    MHz      %   bool     MB     MB     MB   errs   errs   errs   MB/s   MB/s
    4    217     38     37    100     42      0      0      0      0   3201   1980      0      0  26531  26532      0      0      0      0     14      7
    0    292     46     45    100     42      0      0      0      0   3201   1980      0      0  26531  26532      0      0      0      0     16      9
    1    300     46     44    100     42      0      0      0      0   3201   1980      0      0  26531  26532      0      0      0      0      7      0
    2    282     37     39    100     42      0      0      0      0   3201   1980      0      0  26531  26532      0      0      0      0      0      1
    3    288     40     40    100     42      0      0      0      0   3201   1980      0      0  26531  26532      0      0      0      0      0      2
    4    281     37     37    100     42      0      0      0      0   3201   1980      0      0  26531  26532      0      0      0      0      0      0
    0    201     46     44    100     42      0      0      0      0   3201   1980      0      0  26531  26532      0      0      0      0     16      8
    1    224     46     43    100     42      0      0      0      0   3201   1980      0      0  26531  26532      0      0      0      0     14      8
    2    222     38     39    100     42      0      0      0      0   3201   1980      0      0  26531  26532      0      0      0      0     13      6
    3    223     40     40    100     42      0      0      0      0   3201   1980      0      0  26531  26532      0      0      0      0     15      7
    4    230     38     38    100     42      0      0      0      0   3201   1980      0      0  26531  26532      0      0      0      0     14      8
    0    310     46     46    100     42      0      0      0      0   3201   1980      0      0  26531  26532      0      0      0      0     16      7
    1    318     47     45    100     42      0      0      0      0   3201   1980      0      0  26531  26532      0      0      0      0     14      6
    2    301     38     40    100     42      0      0      0      0   3201   1980      0      0  26531  26532      0      0      0      0     14      6
    3    307     41     41    100     42      0      0      0      0   3201   1980      0      0  26531  26532      0      0      0      0     15      7
    4    305     39     38    100     42      0      0      0      0   3201   1980      0      0  26531  26532      0      0      0      0     14      7
    0    311     47     46    100     42      0      0      0      0   3201   1980      0      0  26531  26532      0      0      0      0     16      9
    1    318     47     45    100     42      0      0      0      0   3201   1980      0      0  26531  26532      0      0      0      0     14      7
    2    300     38     41    100     42      0      0      0      0   3201   1980      0      0  26531  26532      0      0      0      0     14      6
    3    307     41     41    100     42      0      0      0      0   3201   1980      0      0  26531  26532      0      0      0      0     15      9
    4    304     39     39    100     42      0      0      0      0   3201   1980      0      0  26531  26532      0      0      0      0     15      7
    0    199     44     41     62      2      0      0      0      0   3201   1980      0      0  26531  26532      0      0      0      0      0      0
    1    192     45     40     75      3      0      0      0      0   3201   1980      0      0  26531  26532      0      0      0      0      0      1
    2    161     35     34     18      1      0      0      0      0   3201   1980      0      0  26531  26532      0      0      0      0      3      6
    3    168     39     35      0      0      0      0      0      0   3201   1980      0      0  26531  26532      0      0      0      0     15      7
    4    160     37     33     12      1      0      0      0      0   3201   1980      0      0  26531  26532      0      0      0      0     14      8
    0    315     47     46    100     42      0      0      0      0   3201   1980      0      0  26531  26532      0      0      0      0     16      7
    1    320     47     45    100     42      0      0      0      0   3201   1980      0      0  26531  26532      0      0      0      0     14      6
    2    303     39     40    100     42      0      0      0      0   3201   1980      0      0  26531  26532      0      0      0      0     14      6
    3    309     41     41    100     42      0      0      0      0   3201   1980      0      0  26531  26532      0      0      0      0     15      7
    4    310     39     39    100     42      0      0      0      0   3201   1980      0      0  26531  26532      0      0      0      0     14      7
    0    306     47     47    100     42      0      0      0      0   3201   1980      0      0  26531  26532      0      0      0      0     16      9
    1    309     47     45    100     42      0      0      0      0   3201   1980      0      0  26531  26532      0      0      0      0     13      6
    2    293     39     40    100     42      0      0      0      0   3201   1980      0      0  26531  26532      0      0      0      0     14      8
    3    299     42     41    100     42      0      0      0      0   3201   1980      0      0  26531  26532      0      0      0      0     15      8
    4    299     39     39    100     42      0      0      0      0   3201   1980      0      0  26531  26532      0      0      0      0     15      7
    0    272     46     44    100     42      0      0      0      0   3201   1980      0      0  26531  26532      0      0      0      0      0      0
    1    263     46     42     24      1      0      0      0      0   3201   1980      0      0  26531  26532      0      0      0      0      0      0
    2    234     36     36     29      2      0      0      0      0   3201   1980      0      0  26531  26532      0      0      0      0      0      0
    3    242     40     37      0      0      0      0      0      0   3201   1980      0      0  26531  26532      0      0      0      0      0      0
    4    232     37     34      0      0      0      0      0      0   3201   1980      0      0  26531  26532      0      0      0      0      0      1
    0    172     46     44     76     32      0      0      0      0   3201   1980      0      0  26531  26532      0      0      0      0     16      8
    1    174     46     43    100     42      0      0      0      0   3201   1980      0      0  26531  26532      0      0      0      0     14      6
    2    178     38     39     74     31      0      0      0      0   3201   1980      0      0  26531  26532      0      0      0      0     14      6
# gpu    pwr  gtemp  mtemp     sm    mem    enc    dec    jpg    ofa   mclk   pclk  pviol  tviol     fb   bar1   ccpm  sbecc  dbecc    pci  rxpci  txpci
# Idx      W      C      C      %      %      %      %      %      %    MHz    MHz      %   bool     MB     MB     MB   errs   errs   errs   MB/s   MB/s
    3    196     42     41    100     42      0      0      0      0   3201   1980      0      0  26531  26532      0      0      0      0     15      7
    4    185     39     38    100     36      0      0      0      0   3201   1980      0      0  26531  26532      0      0      0      0     15      7
    0    347     48     48    100     42      0      0      0      0   3201   1980      0      0  26531  26532      0      0      0      0     16      7
    1    352     48     47    100     42      0      0      0      0   3201   1980      0      0  26531  26532      0      0      0      0     14      6
    2    334     40     42    100     42      0      0      0      0   3201   1980      0      0  26531  26532      0      0      0      0     14      8
    3    342     43     43    100     42      0      0      0      0   3201   1980      0      0  26531  26532      0      0      0      0     15      7
    4    337     40     40    100     42      0      0      0      0   3201   1980      0      0  26531  26532      0      0      0      0     15      7
    0    347     48     48    100     42      0      0      0      0   3201   1980      0      0  26531  26532      0      0      0      0     18      8
    1    353     48     47    100     42      0      0      0      0   3201   1980      0      0  26531  26532      0      0      0      0     14      6
    2    334     40     43    100     42      0      0      0      0   3201   1980      0      0  26531  26532      0      0      0      0     14      6
    3    342     43     43    100     42      0      0      0      0   3201   1980      0      0  26531  26532      0      0      0      0     15      7
    4    337     41     41    100     42      0      0      0      0   3201   1980      0      0  26531  26532      0      0      0      0     14      8
    0    348     48     49    100     42      0      0      0      0   3201   1980      0      0  26531  26532      0      0      0      0     15      8
    1    353     49     47    100     42      0      0      0      0   3201   1980      0      0  26531  26532      0      0      0      0     14      8
    2    334     40     43    100     42      0      0      0      0   3201   1980      0      0  26531  26532      0      0      0      0     14      7
    3    343     44     43    100     42      0      0      0      0   3201   1980      0      0  26531  26532      0      0      0      0     15      7
    4    338     41     41    100     42      0      0      0      0   3201   1980      0      0  26531  26532      0      0      0      0     15      7
    0    348     49     49    100     42      0      0      0      0   3201   1980      0      0  26531  26532      0      0      0      0     16      8
    1    353     49     48    100     42      0      0      0      0   3201   1980      0      0  26531  26532      0      0      0      0     14      6
    2    335     40     43    100     42      0      0      0      0   3201   1980      0      0  26531  26532      0      0      0      0     14      8
    3    343     44     43    100     42      0      0      0      0   3201   1980      0      0  26531  26532      0      0      0      0     15      7
    4    337     41     41    100     42      0      0      0      0   3201   1980      0      0  26531  26532      0      0      0      0     14      7
    0    348     49     49    100     42      0      0      0      0   3201   1980      0      0  26531  26532      0      0      0      0     16      7
    1    353     49     48    100     42      0      0      0      0   3201   1980      0      0  26531  26532      0      0      0      0     13      6
    2    335     41     43    100     42      0      0      0      0   3201   1980      0      0  26531  26532      0      0      0      0     14      7
    3    343     44     43    100     42      0      0      0      0   3201   1980      0      0  26531  26532      0      0      0      0     15      7
    4    338     41     42    100     42      0      0      0      0   3201   1980      0      0  26531  26532      0      0      0      0     14      8
    0    181     46     43     30     12      0      0      0      0   3201   1980      0      0  26531  26532      0      0      0      0      0      0
    1    193     46     41     43     16      0      0      0      0   3201   1980      0      0  26531  26532      0      0      0      0      0      0
    2    157     37     36     29     12      0      0      0      0   3201   1980      0      0  26531  26532      0      0      0      0      0      0
    3    147     41     37     34     14      0      0      0      0   3201   1980      0      0  26531  26532      0      0      0      0      0      0
    4    152     37     35     96     17      0      0      0      0   3201   1980      0      0  26531  26532      0      0      0      0      0      0
    0    206     48     47    100     42      0      0      0      0   3201   1980      0      0  26531  26532      0      0      0      0     16      7
    1    234     48     46    100     42      0      0      0      0   3201   1980      0      0  26531  26532      0      0      0      0     14      6
    2    216     40     42    100     42      0      0      0      0   3201   1980      0      0  26531  26532      0      0      0      0     14      7
    3    238     43     42    100     42      0      0      0      0   3201   1980      0      0  26531  26532      0      0      0      0     15      7
    4    254     41     40    100     42      0      0      0      0   3201   1980      0      0  26531  26532      0      0      0      0     14      7
    0    349     49     49    100     42      0      0      0      0   3201   1980      0      0  26531  26532      0      0      0      0     16      9
    1    354     49     48    100     42      0      0      0      0   3201   1980      0      0  26531  26532      0      0      0      0     14      6
    2    334     40     43    100     42      0      0      0      0   3201   1980      0      0  26531  26532      0      0      0      0     14      7
    3    343     44     43    100     42      0      0      0      0   3201   1980      0      0  26531  26532      0      0      0      0     15      8
    4    342     41     42    100     42      0      0      0      0   3201   1980      0      0  26531  26532      0      0      0      0     15      7
    0    325     48     48    100     42      0      0      0      0   3201   1980      0      0  26531  26532      0      0      0      0     16      8
    1    328     49     47    100     42      0      0      0      0   3201   1980      0      0  26531  26532      0      0      0      0     14      8
# gpu    pwr  gtemp  mtemp     sm    mem    enc    dec    jpg    ofa   mclk   pclk  pviol  tviol     fb   bar1   ccpm  sbecc  dbecc    pci  rxpci  txpci
# Idx      W      C      C      %      %      %      %      %      %    MHz    MHz      %   bool     MB     MB     MB   errs   errs   errs   MB/s   MB/s
    2    308     40     42    100     42      0      0      0      0   3201   1980      0      0  26531  26532      0      0      0      0     14      7
    3    314     44     43    100     42      0      0      0      0   3201   1980      0      0  26531  26532      0      0      0      0     15      7
    4    315     41     41    100     42      0      0      0      0   3201   1980      0      0  26531  26532      0      0      0      0     15      7
    0    290     48     48    100     42      0      0      0      0   3201   1980      0      0  26531  26532      0      0      0      0     17      8
    1    294     48     46    100     42      0      0      0      0   3201   1980      0      0  26531  26532      0      0      0      0     14      6
    2    278     40     42    100     42      0      0      0      0   3201   1980      0      0  26531  26532      0      0      0      0     14      8
    3    284     43     43    100     42      0      0      0      0   3201   1980      0      0  26531  26532      0      0      0      0     15      7
    4    284     40     40    100     42      0      0      0      0   3201   1980      0      0  26531  26532      0      0      0      0     14      7
    0    287     48     47    100     42      0      0      0      0   3201   1980      0      0  26531  26532      0      0      0      0     16      8
    1    294     48     46    100     42      0      0      0      0   3201   1980      0      0  26531  26532      0      0      0      0     14      6
    2    277     40     42    100     42      0      0      0      0   3201   1980      0      0  26531  26532      0      0      0      0     14      7
    3    283     44     43    100     42      0      0      0      0   3201   1980      0      0  26531  26532      0      0      0      0     15      7
    4    283     40     40    100     42      0      0      0      0   3201   1980      0      0  26531  26532      0      0      0      0     14      8
    0    288     48     48    100     42      0      0      0      0   3201   1980      0      0  26531  26532      0      0      0      0     16      7
    1    294     48     46    100     42      0      0      0      0   3201   1980      0      0  26531  26532      0      0      0      0     14      1
    2    277     40     42    100     42      0      0      0      0   3201   1980      0      0  26531  26532      0      0      0      0      0      0
    3    284     44     43    100     42      0      0      0      0   3201   1980      0      0  26531  26532      0      0      0      0      0      0
    4    283     41     40    100     42      0      0      0      0   3201   1980      0      0  26531  26532      0      0      0      0      0      0
    0    148     45     43      0      0      0      0      0      0   3201   1980      0      0  26531  26532      0      0      0      0      0      1
    1    155     45     42      0      0      0      0      0      0   3201   1980      0      0  26531  26532      0      0      0      0      0      0
    2    144     37     36     32      4      0      0      0      0   3201   1980      0      0  26531  26532      0      0      0      0      0      1
    3    147     41     37     35      5      0      0      0      0   3201   1980      0      0  26531  26532      0      0      0      0      4      1
    4    146     37     34      0      0      0      0      0      0   3201   1980      0      0  25645  25636      0      0      0      0      6      0
    0    131     45     42      2      0      0      0      0      0   3201   1980      0      0      0      1      0      0      0      0      0      1
    1    136     45     40      0      0      0      0      0      0   3201   1980      0      0      0      1      0      0      0      0      0      0
    2    124     36     35      0      0      0      0      0      0   3201   1980      0      0      0      1      0      0      0      0      0      0
    3    127     40     36      0      0      0      0      0      0   3201   1980      0      0      0      1      0      0      0      0      0      1
    4    128     37     34      0      0      0      0      0      0   3201   1980      0      0      0      1      0      0      0      0      0      0
    0    130     45     42      0      0      0      0      0      0   3201   1980      0      0      0      1      0      0      0      0      0      0
    1    136     45     40      0      0      0      0      0      0   3201   1980      0      0      0      1      0      0      0      0      0      1
    2    124     36     34      0      0      0      0      0      0   3201   1980      0      0      0      1      0      0      0      0      0      0
    3    126     40     36      0      0      0      0      0      0   3201   1980      0      0      0      1      0      0      0      0      0      0
    4    119     36     33      0      0      0      0      0      0   3201    690      0      0      0      1      0      0      0      0      0      0
    0    101     43     41      0      0      0      0      0      0   3201    495      0      0      0      1      0      0      0      0      0      0
    1     87     43     40      0      0      0      0      0      0   3201    450      0      0      0      1      0      0      0      0      0      0
    2     95     35     34      0      0      0      0      0      0   3201    480      0      0      0      1      0      0      0      0      0      1
    3     83     39     36      0      0      0      0      0      0   3201    420      0      0      0      1      0      0      0      0      0      0
    4     79     35     33      0      0      0      0      0      0   3201    405      0      0      0      1      0      0      0      0      0      0
    0     80     43     41      0      0      0      0      0      0   3201    345      0      0      0      1      0      0      0      0      0      2
    1     84     43     39      0      0      0      0      0      0   3201    345      0      0      0      1      0      0      0      0      0      0
    2     78     35     34      0      0      0      0      0      0   3201    345      0      0      0      1      0      0      0      0      0      0
    3     78     38     35      0      0      0      0      0      0   3201    345      0      0      0      1      0      0      0      0      0      0
    4     78     35     33      0      0      0      0      0      0   3201    345      0      0      0      1      0      0      0      0      0      2
    0     80     43     41      0      0      0      0      0      0   3201    345      0      0      0      1      0      0      0      0      0      0
# gpu    pwr  gtemp  mtemp     sm    mem    enc    dec    jpg    ofa   mclk   pclk  pviol  tviol     fb   bar1   ccpm  sbecc  dbecc    pci  rxpci  txpci
# Idx      W      C      C      %      %      %      %      %      %    MHz    MHz      %   bool     MB     MB     MB   errs   errs   errs   MB/s   MB/s
    1     84     43     39      0      0      0      0      0      0   3201    345      0      0      0      1      0      0      0      0      0      1
    2     78     34     33      0      0      0      0      0      0   3201    345      0      0      0      1      0      0      0      0      0      0
    3     78     38     35      0      0      0      0      0      0   3201    345      0      0      0      1      0      0      0      0      0      0
    4     78     34     33      0      0      0      0      0      0   3201    345      0      0      0      1      0      0      0      0      0      0
    0     80     42     40      0      0      0      0      0      0   3201    345      0      0      0      1      0      0      0      0      0      0
    1     84     43     39      0      0      0      0      0      0   3201    345      0      0      0      1      0      0      0      0      0      0
    2     78     34     33      0      0      0      0      0      0   3201    345      0      0      0      1      0      0      0      0      0      1
    3     78     38     35      0      0      0      0      0      0   3201    345      0      0      0      1      0      0      0      0      0      0
    4     78     34     33      0      0      0      0      0      0   3201    345      0      0      0      1      0      0      0      0      0      0
    0     80     42     40      0      0      0      0      0      0   3201    345      0      0      0      1      0      0      0      0      0      0
    1     84     42     39      0      0      0      0      0      0   3201    345      0      0      0      1      0      0      0      0      0      0
    2     78     34     33      0      0      0      0      0      0   3201    345      0      0      0      1      0      0      0      0      0      0
    3     78     38     35      0      0      0      0      0      0   3201    345      0      0      0      1      0      0      0      0      0      2
    4     78     34     33      0      0      0      0      0      0   3201    345      0      0      0      1      0      0      0      0      0      0
    0     80     42     40      0      0      0      0      0      0   3201    345      0      0      0      1      0      0      0      0      0      0
    1     84     42     39      0      0      0      0      0      0   3201    345      0      0      0      1      0      0      0      0      0      2
    2     78     34     33      0      0      0      0      0      0   3201    345      0      0      0      1      0      0      0      0      0      0
    3     78     37     35      0      0      0      0      0      0   3201    345      0      0      0      1      0      0      0      0      0      0
    4     78     34     33      0      0      0      0      0      0   3201    345      0      0      0      1      0      0      0      0      0      0
    0     79     42     40      0      0      0      0      0      0   3201    345      0      0      0      1      0      0      0      0      0      0
    1     83     42     38      0      0      0      0      0      0   3201    345      0      0      0      1      0      0      0      0      0      0
    2     78     34     33      0      0      0      0      0      0   3201    345      0      0      0      1      0      0      0      0      0      0
    3     77     37     35      0      0      0      0      0      0   3201    345      0      0      0      1      0      0      0      0      0      0
    4     78     34     32      0      0      0      0      0      0   3201    345      0      0      0      1      0      0      0      0      0      0
    0     80     42     40      0      0      0      0      0      0   3201    345      0      0      0      1      0      0      0      0      0      0
    1     83     42     38      0      0      0      0      0      0   3201    345      0      0      0      1      0      0      0      0      0      0
    2     78     34     33      0      0      0      0      0      0   3201    345      0      0      0      1      0      0      0      0      0      1
    3     78     37     34      0      0      0      0      0      0   3201    345      0      0      0      1      0      0      0      0      0      2
    4     78     34     32      0      0      0      0      0      0   3201    345      0      0      0      1      0      0      0      0      0      0
    0     80     42     40      0      0      0      0      0      0   3201    345      0      0      0      1      0      0      0      0      0      1
    1     83     42     38      0      0      0      0      0      0   3201    345      0      0      0      1      0      0      0      0      0      2
    2     78     33     33      0      0      0      0      0      0   3201    345      0      0      0      1      0      0      0      0      0      0
    3     78     37     34      0      0      0      0      0      0   3201    345      0      0      0      1      0      0      0      0      0      0
    4     78     33     32      0      0      0      0      0      0   3201    345      0      0      0      1      0      0      0      0      0      2
    0     79     42     39      0      0      0      0      0      0   3201    345      0      0      0      1      0      0      0      0      0      0
    1     83     42     38      0      0      0      0      0      0   3201    345      0      0      0      1      0      0      0      0      0      0
    2     78     33     33      0      0      0      0      0      0   3201    345      0      0      0      1      0      0      0      0      0      0
    3     78     37     34      0      0      0      0      0      0   3201    345      0      0      0      1      0      0      0      0      0      0
    4     78     33     32      0      0      0      0      0      0   3201    345      0      0      0      1      0      0      0      0      0      0
    0     79     42     40      0      0      0      0      0      0   3201    345      0      0      0      1      0      0      0      0      0      0
    1     83     42     38      0      0      0      0      0      0   3201    345      0      0      0      1      0      0      0      0      0      0
    2     78     33     33      0      0      0      0      0      0   3201    345      0      0      0      1      0      0      0      0      0      1
    3     77     37     34      0      0      0      0      0      0   3201    345      0      0      0      1      0      0      0      0      0      2
    4     78     33     32      0      0      0      0      0      0   3201    345      0      0      0      1      0      0      0      0      0      0
# gpu    pwr  gtemp  mtemp     sm    mem    enc    dec    jpg    ofa   mclk   pclk  pviol  tviol     fb   bar1   ccpm  sbecc  dbecc    pci  rxpci  txpci
# Idx      W      C      C      %      %      %      %      %      %    MHz    MHz      %   bool     MB     MB     MB   errs   errs   errs   MB/s   MB/s
    0     79     41     39      0      0      0      0      0      0   3201    345      0      0      0      1      0      0      0      0      0      1
    1     83     41     38      0      0      0      0      0      0   3201    345      0      0      0      1      0      0      0      0      0      2
    2     78     33     33      0      0      0      0      0      0   3201    345      0      0      0      1      0      0      0      0      0      0
    3     77     37     34      0      0      0      0      0      0   3201    345      0      0      0      1      0      0      0      0      0      0
    4     78     33     32      0      0      0      0      0      0   3201    345      0      0      0      1      0      0      0      0      0      2
    0     79     41     39      0      0      0      0      0      0   3201    345      0      0      0      1      0      0      0      0      0      0
    1     83     41     38      0      0      0      0      0      0   3201    345      0      0      0      1      0      0      0      0      0      0
    2     78     33     33      0      0      0      0      0      0   3201    345      0      0      0      1      0      0      0      0      0      0
    3     77     37     34      0      0      0      0      0      0   3201    345      0      0      0      1      0      0      0      0      0      0
    4     78     33     32      0      0      0      0      0      0   3201    345      0      0      0      1      0      0      0      0      0      0
    0     79     41     39      0      0      0      0      0      0   3201    345      0      0      0      1      0      0      0      0      0      0
    1     83     41     38      0      0      0      0      0      0   3201    345      0      0      0      1      0      0      0      0      0      0
    2     78     33     33      0      0      0      0      0      0   3201    345      0      0      0      1      0      0      0      0      0      0
    3     77     36     34      0      0      0      0      0      0   3201    345      0      0      0      1      0      0      0      0      0      2
    4     78     33     32      0      0      0      0      0      0   3201    345      0      0      0      1      0      0      0      0      0      0
    0     79     41     39      0      0      0      0      0      0   3201    345      0      0      0      1      0      0      0      0      0      1
    1     83     41     38      0      0      0      0      0      0   3201    345      0      0      0      1      0      0      0      0      0      2
    2     78     33     33      0      0      0      0      0      0   3201    345      0      0      0      1      0      0      0      0      0      0
    3     77     36     34      0      0      0      0      0      0   3201    345      0      0      0      1      0      0      0      0      5      0
    4     78     33     31      0      0      0      0      0      0   3201    345      0      0      0      1      0      0      0      0      0      2
    0     79     41     39      0      0      0      0      0      0   3201    345      0      0      0      1      0      0      0      0      0      0
    1     83     41     37      0      0      0      0      0      0   3201    345      0      0      0      1      0      0      0      0      0      0
    2     78     33     33      0      0      0      0      0      0   3201    345      0      0      0      1      0      0      0      0      0      0
    3     77     36     33      0      0      0      0      0      0   3201    345      0      0      0      1      0      0      0      0      0      0
    4     78     33     31      0      0      0      0      0      0   3201    345      0      0      0      1      0      0      0      0      0      0
    0     79     41     39      0      0      0      0      0      0   3201    345      0      0      0      1      0      0      0      0      0      0
    1     83     41     37      0      0      0      0      0      0   3201    345      0      0      0      1      0      0      0      0      0      0
    2     78     33     33      0      0      0      0      0      0   3201    345      0      0      0      1      0      0      0      0      0      2
    3     77     36     33      0      0      0      0      0      0   3201    345      0      0      0      1      0      0      0      0      0      2
    4     78     33     31      0      0      0      0      0      0   3201    345      0      0      0      1      0      0      0      0      0      0
    0     79     41     39      0      0      0      0      0      0   3201    345      0      0      0      1      0      0      0      0      0      2
    1     83     41     37      0      0      0      0      0      0   3201    345      0      0      0      1      0      0      0      0      0      0
    2     78     33     33      0      0      0      0      0      0   3201    345      0      0      0      1      0      0      0      0      0      0
    3     77     36     33      0      0      0      0      0      0   3201    345      0      0      0      1      0      0      0      0      0      0
    4     78     33     31      0      0      0      0      0      0   3201    345      0      0      0      1      0      0      0      0      0      2
    0     79     41     39      0      0      0      0      0      0   3201    345      0      0      0      1      0      0      0      0      0      0
    1     83     41     37      0      0      0      0      0      0   3201    345      0      0      0      1      0      0      0      0      0      0
    2     78     32     32      0      0      0      0      0      0   3201    345      0      0      0      1      0      0      0      0      0      0
    3     77     36     33      0      0      0      0      0      0   3201    345      0      0      0      1      0      0      0      0      0      0
    4     78     33     31      0      0      0      0      0      0   3201    345      0      0      0      1      0      0      0      0      0      0
    0     79     41     39      0      0      0      0      0      0   3201    345      0      0      0      1      0      0      0      0      0      0
    1     83     41     37      0      0      0      0      0      0   3201    345      0      0      0      1      0      0      0      0      0      0
    2     78     32     32      0      0      0      0      0      0   3201    345      0      0      0      1      0      0      0      0      0      2
    3     77     36     33      0      0      0      0      0      0   3201    345      0      0      0      1      0      0      0      0      0      2
# gpu    pwr  gtemp  mtemp     sm    mem    enc    dec    jpg    ofa   mclk   pclk  pviol  tviol     fb   bar1   ccpm  sbecc  dbecc    pci  rxpci  txpci
# Idx      W      C      C      %      %      %      %      %      %    MHz    MHz      %   bool     MB     MB     MB   errs   errs   errs   MB/s   MB/s
    4     78     32     31      0      0      0      0      0      0   3201    345      0      0      0      1      0      0      0      0      0      0
    0     79     41     39      0      0      0      0      0      0   3201    345      0      0      0      1      0      0      0      0      0      0
    1     83     41     37      0      0      0      0      0      0   3201    345      0      0      0      1      0      0      0      0      0      2
    2     78     32     32      0      0      0      0      0      0   3201    345      0      0      0      1      0      0      0      0      0      0
    3     77     36     33      0      0      0      0      0      0   3201    345      0      0      0      1      0      0      0      0      0      0
    4     78     32     31      0      0      0      0      0      0   3201    345      0      0      0      1      0      0      0      0      0      0
    0     79     41     39      0      0      0      0      0      0   3201    345      0      0      0      1      0      0      0      0      0      0
    1     83     41     37      0      0      0      0      0      0   3201    345      0      0      0      1      0      0      0      0      0      0
    2     78     32     32      0      0      0      0      0      0   3201    345      0      0      0      1      0      0      0      0      0      0
    3     77     36     33      0      0      0      0      0      0   3201    345      0      0      0      1      0      0      0      0      0      0
    4     78     32     31      0      0      0      0      0      0   3201    345      0      0      0      1      0      0      0      0      0      0
    0     79     41     39      0      0      0      0      0      0   3201    345      0      0      0      1      0      0      0      0      0      0
    1     83     41     37      0      0      0      0      0      0   3201    345      0      0      0      1      0      0      0      0      0      0
    2     78     32     32      0      0      0      0      0      0   3201    345      0      0      0      1      0      0      0      0      0      0
    3     77     36     33      0      0      0      0      0      0   3201    345      0      0      0      1      0      0      0      0      0      2
    4     78     32     31      0      0      0      0      0      0   3201    345      0      0      0      1      0      0      0      0      0      0
    0     79     41     39      0      0      0      0      0      0   3201    345      0      0      0      1      0      0      0      0      0      0
    1     83     41     37      0      0      0      0      0      0   3201    345      0      0      0      1      0      0      0      0      0      2
    2     78     32     32      0      0      0      0      0      0   3201    345      0      0      0      1      0      0      0      0      0      0
    3     77     35     33      0      0      0      0      0      0   3201    345      0      0      0      1      0      0      0      0      0      0
    4     78     32     31      0      0      0      0      0      0   3201    345      0      0      0      1      0      0      0      0      0      0
    0     79     41     39      0      0      0      0      0      0   3201    345      0      0      0      1      0      0      0      0      0      0
    1     83     41     37      0      0      0      0      0      0   3201    345      0      0      0      1      0      0      0      0      0      0
    2     78     32     32      0      0      0      0      0      0   3201    345      0      0      0      1      0      0      0      0      0      2
    3     77     35     33      0      0      0      0      0      0   3201    345      0      0      0      1      0      0      0      0      0      0
    4     78     32     31      0      0      0      0      0      0   3201    345      0      0      0      1      0      0      0      0      0      0
    0     79     41     39      0      0      0      0      0      0   3201    345      0      0      0      1      0      0      0      0      0      1
    1     83     41     37      0      0      0      0      0      0   3201    345      0      0      0      1      0      0      0      0      0      0
    2     78     32     32      0      0      0      0      0      0   3201    345      0      0      0      1      0      0      0      0      0      0
    3     77     35     33      0      0      0      0      0      0   3201    345      0      0      0      1      0      0      0      0      0      0
    4     78     32     31      0      0      0      0      0      0   3201    345      0      0      0      1      0      0      0      0      0      2
    0     79     41     39      0      0      0      0      0      0   3201    345      0      0      0      1      0      0      0      0      0      0
    1     83     41     37      0      0      0      0      0      0   3201    345      0      0      0      1      0      0      0      0      0      0
    2     78     32     32      0      0      0      0      0      0   3201    345      0      0      0      1      0      0      0      0      0      0
    3     77     35     33      0      0      0      0      0      0   3201    345      0      0      0      1      0      0      0      0      0      0
    4     78     32     31      0      0      0      0      0      0   3201    345      0      0      0      1      0      0      0      0      0      0
    0     79     41     38      0      0      0      0      0      0   3201    345      0      0      0      1      0      0      0      0      0      0
    1     83     40     37      0      0      0      0      0      0   3201    345      0      0      0      1      0      0      0      0      0      0
    2     78     32     32      0      0      0      0      0      0   3201    345      0      0      0      1      0      0      0      0      0      2
    3     77     35     33      0      0      0      0      0      0   3201    345      0      0      0      1      0      0      0      0      0      1
    4     78     32     31      0      0      0      0      0      0   3201    345      0      0      0      1      0      0      0      0      0      0
    0     79     41     38      0      0      0      0      0      0   3201    345      0      0      0      1      0      0      0      0      0      2
    1     83     40     37      0      0      0      0      0      0   3201    345      0      0      0      1      0      0      0      0      0      0
    2     78     32     32      0      0      0      0      0      0   3201    345      0      0      0      1      0      0      0      0      0      0
# gpu    pwr  gtemp  mtemp     sm    mem    enc    dec    jpg    ofa   mclk   pclk  pviol  tviol     fb   bar1   ccpm  sbecc  dbecc    pci  rxpci  txpci
# Idx      W      C      C      %      %      %      %      %      %    MHz    MHz      %   bool     MB     MB     MB   errs   errs   errs   MB/s   MB/s
    3     77     35     33      0      0      0      0      0      0   3201    345      0      0      0      1      0      0      0      0      0      0
    4     78     32     31      0      0      0      0      0      0   3201    345      0      0      0      1      0      0      0      0      0      2
    0     79     40     38      0      0      0      0      0      0   3201    345      0      0      0      1      0      0      0      0      0      0
    1     83     40     37      0      0      0      0      0      0   3201    345      0      0      0      1      0      0      0      0      0      0
    2     78     32     32      0      0      0      0      0      0   3201    345      0      0      0      1      0      0      0      0      0      0
    3     77     35     33      0      0      0      0      0      0   3201    345      0      0      0      1      0      0      0      0      0      0
    4     78     32     31      0      0      0      0      0      0   3201    345      0      0      0      1      0      0      0      0      0      0
    0     79     40     38      0      0      0      0      0      0   3201    345      0      0      0      1      0      0      0      0      0      0
    1     83     40     37      0      0      0      0      0      0   3201    345      0      0      0      1      0      0      0      0      0      0
    2     78     32     32      0      0      0      0      0      0   3201    345      0      0      0      1      0      0      0      0      0      2
    3     77     35     33      0      0      0      0      0      0   3201    345      0      0      0      1      0      0      0      0      0      0
    4     78     32     31      0      0      0      0      0      0   3201    345      0      0      0      1      0      0      0      0      0      0
    0     79     40     38      0      0      0      0      0      0   3201    345      0      0      0      1      0      0      0      0      0      2
    1     83     40     37      0      0      0      0      0      0   3201    345      0      0      0      1      0      0      0      0      0      0
    2     78     32     32      0      0      0      0      0      0   3201    345      0      0      0      1      0      0      0      0      0      0
    3     77     35     33      0      0      0      0      0      0   3201    345      0      0      0      1      0      0      0      0      0      0
    4     78     32     31      0      0      0      0      0      0   3201    345      0      0      0      1      0      0      0      0      0      1
    0     79     40     38      0      0      0      0      0      0   3201    345      0      0      0      1      0      0      0      0      0      0
    1     83     40     37      0      0      0      0      0      0   3201    345      0      0      0      1      0      0      0      0      0      2
    2     78     32     32      0      0      0      0      0      0   3201    345      0      0      0      1      0      0      0      0      0      0
    3     77     35     33      0      0      0      0      0      0   3201    345      0      0      0      1      0      0      0      0      0      0
    4     78     32     30      0      0      0      0      0      0   3201    345      0      0      0      1      0      0      0      0      0      0
    0     79     40     38      0      0      0      0      0      0   3201    345      0      0      0      1      0      0      0      0      0      0
    1     83     40     37      0      0      0      0      0      0   3201    345      0      0      0      1      0      0      0      0      0      0
    2     78     32     32      0      0      0      0      0      0   3201    345      0      0      0      1      0      0      0      0      0      2
    3     77     35     33      0      0      0      0      0      0   3201    345      0      0      0      1      0      0      0      0      0      0
    4     78     32     30      0      0      0      0      0      0   3201    345      0      0      0      1      0      0      0      0      0      0
    0     79     40     38      0      0      0      0      0      0   3201    345      0      0      0      1      0      0      0      0      0      2
    1     83     40     37      0      0      0      0      0      0   3201    345      0      0      0      1      0      0      0      0      0      0
    2     78     32     32      0      0      0      0      0      0   3201    345      0      0      0      1      0      0      0      0      0      0
    3     77     35     33      0      0      0      0      0      0   3201    345      0      0      0      1      0      0      0      0      0      0
    4     78     32     31      0      0      0      0      0      0   3201    345      0      0      0      1      0      0      0      0      0      1
    0     79     40     38      0      0      0      0      0      0   3201    345      0      0      0      1      0      0      0      0      0      0
    1     83     40     36      0      0      0      0      0      0   3201    345      0      0      0      1      0      0      0      0      0      2
    2     78     32     32      0      0      0      0      0      0   3201    345      0      0      0      1      0      0      0      0      0      0
    3     78     35     33      0      0      0      0      0      0   3201    345      0      0      0      1      0      0      0      0      0      0
    4     78     32     30      0      0      0      0      0      0   3201    345      0      0      0      1      0      0      0      0      0      0
    0     79     40     38      0      0      0      0      0      0   3201    345      0      0      0      1      0      0      0      0      0      0
    1     83     40     36      0      0      0      0      0      0   3201    345      0      0      0      1      0      0      0      0      0      0
    2     78     32     32      0      0      0      0      0      0   3201    345      0      0      0      1      0      0      0      0      0      1
    3     78     35     33      0      0      0      0      0      0   3201    345      0      0      0      1      0      0      0      0      0      0
    4     78     32     30      0      0      0      0      0      0   3201    345      0      0      0      1      0      0      0      0      0      0
    0     79     40     38      0      0      0      0      0      0   3201    345      0      0      0      1      0      0      0      0      0      2
    1     83     40     37      0      0      0      0      0      0   3201    345      0      0      0      1      0      0      0      0      0      0
# gpu    pwr  gtemp  mtemp     sm    mem    enc    dec    jpg    ofa   mclk   pclk  pviol  tviol     fb   bar1   ccpm  sbecc  dbecc    pci  rxpci  txpci
# Idx      W      C      C      %      %      %      %      %      %    MHz    MHz      %   bool     MB     MB     MB   errs   errs   errs   MB/s   MB/s
    2     78     32     31      0      0      0      0      0      0   3201    345      0      0      0      1      0      0      0      0      0      0
    3     78     35     33      0      0      0      0      0      0   3201    345      0      0      0      1      0      0      0      0      1      1
    4     78     32     30      0      0      0      0      0      0   3201    345      0      0      0      1      0      0      0      0      0      0
    0     79     40     38      0      0      0      0      0      0   3201    345      0      0      0      1      0      0      0      0      0      0
    1     83     40     36      0      0      0      0      0      0   3201    345      0      0      0      1      0      0      0      0      0      2
    2     78     32     32      0      0      0      0      0      0   3201    345      0      0      0      1      0      0      0      0      0      0
    3     77     35     33      0      0      0      0      0      0   3201    345      0      0      0      1      0      0      0      0      0      0
    4     78     32     30      0      0      0      0      0      0   3201    345      0      0      0      1      0      0      0      0      0      0
    0     79     40     38      0      0      0      0      0      0   3201    345      0      0      0      1      0      0      0      0      0      0
    1     83     40     36      0      0      0      0      0      0   3201    345      0      0      0      1      0      0      0      0      0      0
    2     78     32     31      0      0      0      0      0      0   3201    345      0      0      0      1      0      0      0      0      0      2
    3     78     35     33      0      0      0      0      0      0   3201    345      0      0      0      1      0      0      0      0      0      1
    4     78     32     30      0      0      0      0      0      0   3201    345      0      0      0      1      0      0      0      0      0      0
    0     79     40     38      0      0      0      0      0      0   3201    345      0      0      0      1      0      0      0      0      0      2
    1     83     40     36      0      0      0      0      0      0   3201    345      0      0      0      1      0      0      0      0      0      0
    2     78     32     31      0      0      0      0      0      0   3201    345      0      0      0      1      0      0      0      0      0      0
    3     77     34     33      0      0      0      0      0      0   3201    345      0      0      0      1      0      0      0      0      0      0
    4     78     32     30      0      0      0      0      0      0   3201    345      0      0      0      1      0      0      0      0      0      1
    0     79     40     38      0      0      0      0      0      0   3201    345      0      0      0      1      0      0      0      0      0      0
    1     83     40     36      0      0      0      0      0      0   3201    345      0      0      0      1      0      0      0      0      0      2
    2     78     31     31      0      0      0      0      0      0   3201    345      0      0      0      1      0      0      0      0      0      0
    3     78     34     33      0      0      0      0      0      0   3201    345      0      0      0      1      0      0      0      0      0      0
    4     78     32     30      0      0      0      0      0      0   3201    345      0      0      0      1      0      0      0      0      0      0
    0     79     40     38      0      0      0      0      0      0   3201    345      0      0      0      1      0      0      0      0      0      0
    1     83     40     36      0      0      0      0      0      0   3201    345      0      0      0      1      0      0      0      0      0      0
    2     78     31     31      0      0      0      0      0      0   3201    345      0      0      0      1      0      0      0      0      0      1
    3     78     34     33      0      0      0      0      0      0   3201    345      0      0      0      1      0      0      0      0      0      0
    4     78     32     30      0      0      0      0      0      0   3201    345      0      0      0      1      0      0      0      0      0      0
    0     79     40     38      0      0      0      0      0      0   3201    345      0      0      0      1      0      0      0      0      0      0
    1     83     40     36      0      0      0      0      0      0   3201    345      0      0      0      1      0      0      0      0      0      0
    2     78     31     31      0      0      0      0      0      0   3201    345      0      0      0      1      0      0      0      0      0      0
    3     77     34     33      0      0      0      0      0      0   3201    345      0      0      0      1      0      0      0      0      1      1
    4     78     32     30      0      0      0      0      0      0   3201    345      0      0      0      1      0      0      0      0      0      0
    0     79     40     38      0      0      0      0      0      0   3201    345      0      0      0      1      0      0      0      0      0      0
    1     83     40     36      0      0      0      0      0      0   3201    345      0      0      0      1      0      0      0      0      0      2
    2     78     31     31      0      0      0      0      0      0   3201    345      0      0      0      1      0      0      0      0      0      0
    3     77     34     32      0      0      0      0      0      0   3201    345      0      0      0      1      0      0      0      0      0      0
    4     78     32     30      0      0      0      0      0      0   3201    345      0      0      0      1      0      0      0      0      0      0
    0     79     40     38      0      0      0      0      0      0   3201    345      0      0      0      1      0      0      0      0      0      0
    1     83     40     36      0      0      0      0      0      0   3201    345      0      0      0      1      0      0      0      0      0      0
    2     78     31     31      0      0      0      0      0      0   3201    345      0      0      0      1      0      0      0      0      0      0
    3     77     34     32      0      0      0      0      0      0   3201    345      0      0      0      1      0      0      0      0      0      0
    4     78     32     30      0      0      0      0      0      0   3201    345      0      0      0      1      0      0      0      0      0      0
    0     79     40     38      0      0      0      0      0      0   3201    345      0      0      0      1      0      0      0      0      0      0
# gpu    pwr  gtemp  mtemp     sm    mem    enc    dec    jpg    ofa   mclk   pclk  pviol  tviol     fb   bar1   ccpm  sbecc  dbecc    pci  rxpci  txpci
# Idx      W      C      C      %      %      %      %      %      %    MHz    MHz      %   bool     MB     MB     MB   errs   errs   errs   MB/s   MB/s
    1     83     40     36      0      0      0      0      0      0   3201    345      0      0      0      1      0      0      0      0      0      0
    2     78     31     31      0      0      0      0      0      0   3201    345      0      0      0      1      0      0      0      0      1      1
    3     77     34     32      0      0      0      0      0      0   3201    345      0      0      0      1      0      0      0      0      0      2
    4     78     32     30      0      0      0      0      0      0   3201    345      0      0      0      1      0      0      0      0      0      0
    0     79     40     38      0      0      0      0      0      0   3201    345      0      0      0      1      0      0      0      0      0      2
    1     83     40     36      0      0      0      0      0      0   3201    345      0      0      0      1      0      0      0      0      0      1
    2     78     31     31      0      0      0      0      0      0   3201    345      0      0      0      1      0      0      0      0      0      0
    3     77     34     32      0      0      0      0      0      0   3201    345      0      0      0      1      0      0      0      0      0      0
    4     78     32     30      0      0      0      0      0      0   3201    345      0      0      0      1      0      0      0      0      0      2
    0     79     40     38      0      0      0      0      0      0   3201    345      0      0      0      1      0      0      0      0      0      0
    1     83     40     36      0      0      0      0      0      0   3201    345      0      0      0      1      0      0      0      0      0      0
    2     78     31     31      0      0      0      0      0      0   3201    345      0      0      0      1      0      0      0      0      0      0
    3     77     34     32      0      0      0      0      0      0   3201    345      0      0      0      1      0      0      0      0      0      0
    4     78     31     30      0      0      0      0      0      0   3201    345      0      0      0      1      0      0      0      0      0      0
    0     79     40     38      0      0      0      0      0      0   3201    345      0      0      0      1      0      0      0      0      0      0
    1     83     40     36      0      0      0      0      0      0   3201    345      0      0      0      1      0      0      0      0      0      0
    2     78     31     31      0      0      0      0      0      0   3201    345      0      0      0      1      0      0      0      0      0      0
    3     77     34     32      0      0      0      0      0      0   3201    345      0      0      0      1      0      0      0      0      1      1
    4     78     31     30      0      0      0      0      0      0   3201    345      0      0      0      1      0      0      0      0      0      0
    0     79     40     38      0      0      0      0      0      0   3201    345      0      0      0      1      0      0      0      0      0      0
    1     83     40     36      0      0      0      0      0      0   3201    345      0      0      0      1      0      0      0      0      0      0
    2     78     31     31      0      0      0      0      0      0   3201    345      0      0      0      1      0      0      0      0      0      0
    3     77     34     32      0      0      0      0      0      0   3201    345      0      0      0      1      0      0      0      0      0      0
    4     78     31     30      0      0      0      0      0      0   3201    345      0      0      0      1      0      0      0      0      0      0
    0     79     40     38      0      0      0      0      0      0   3201    345      0      0      0      1      0      0      0      0      0      0
    1     83     40     36      0      0      0      0      0      0   3201    345      0      0      0      1      0      0      0      0      0      0
    2     78     31     31      0      0      0      0      0      0   3201    345      0      0      0      1      0      0      0      0      0      2
    3     77     34     32      0      0      0      0      0      0   3201    345      0      0      0      1      0      0      0      0      0      0
    4     78     31     30      0      0      0      0      0      0   3201    345      0      0      0      1      0      0      0      0      0      0
    0     79     40     38      0      0      0      0      0      0   3201    345      0      0      0      1      0      0      0      0      0      2
    1     83     40     36      0      0      0      0      0      0   3201    345      0      0      0      1      0      0      0      0      0      0
    2     77     31     31      0      0      0      0      0      0   3201    345      0      0      0      1      0      0      0      0      0      0
    3     77     34     32      0      0      0      0      0      0   3201    345      0      0      0      1      0      0      0      0      0      0
    4     78     31     30      0      0      0      0      0      0   3201    345      0      0      0      1      0      0      0      0      0      2
    0     79     40     38      0      0      0      0      0      0   3201    345      0      0      0      1      0      0      0      0      0      0
    1     83     40     36      0      0      0      0      0      0   3201    345      0      0      0      1      0      0      0      0      0      0
    2     78     31     31      0      0      0      0      0      0   3201    345      0      0      0      1      0      0      0      0      0      0
    3     77     34     32      0      0      0      0      0      0   3201    345      0      0      0      1      0      0      0      0      0      0
    4     78     31     30      0      0      0      0      0      0   3201    345      0      0      0      1      0      0      0      0      0      0
    0     79     40     38      0      0      0      0      0      0   3201    345      0      0      0      1      0      0      0      0      0      0
    1     83     40     36      0      0      0      0      0      0   3201    345      0      0      0      1      0      0      0      0      0      0
    2     78     31     31      0      0      0      0      0      0   3201    345      0      0      0      1      0      0      0      0      1      1
    3     77     34     32      0      0      0      0      0      0   3201    345      0      0      0      1      0      0      0      0      0      2
    4     78     31     30      0      0      0      0      0      0   3201    345      0      0      0      1      0      0      0      0      0      0
# gpu    pwr  gtemp  mtemp     sm    mem    enc    dec    jpg    ofa   mclk   pclk  pviol  tviol     fb   bar1   ccpm  sbecc  dbecc    pci  rxpci  txpci
# Idx      W      C      C      %      %      %      %      %      %    MHz    MHz      %   bool     MB     MB     MB   errs   errs   errs   MB/s   MB/s
    0     79     40     38      0      0      0      0      0      0   3201    345      0      0      0      1      0      0      0      0      0      0
    1     83     40     36      0      0      0      0      0      0   3201    345      0      0      0      1      0      0      0      0      0      2
    2     78     31     31      0      0      0      0      0      0   3201    345      0      0      0      1      0      0      0      0      0      0
    3     77     34     32      0      0      0      0      0      0   3201    345      0      0      0      1      0      0      0      0      0      0
    4     78     31     30      0      0      0      0      0      0   3201    345      0      0      0      1      0      0      0      0      0      0
    0     79     40     38      0      0      0      0      0      0   3201    345      0      0      0      1      0      0      0      0      0      0
    1     83     40     36      0      0      0      0      0      0   3201    345      0      0      0      1      0      0      0      0      0      0
    2     77     31     31      0      0      0      0      0      0   3201    345      0      0      0      1      0      0      0      0      0      2
    3     77     34     32      0      0      0      0      0      0   3201    345      0      0      0      1      0      0      0      0      0      0
    4     78     31     30      0      0      0      0      0      0   3201    345      0      0      0      1      0      0      0      0      0      0
    0     79     40     38      0      0      0      0      0      0   3201    345      0      0      0      1      0      0      0      0      0      1
    1     83     40     36      0      0      0      0      0      0   3201    345      0      0      0      1      0      0      0      0      0      0
    2     77     31     31      0      0      0      0      0      0   3201    345      0      0      0      1      0      0      0      0      0      0
    3     77     34     32      0      0      0      0      0      0   3201    345      0      0      0      1      0      0      0      0      0      0
    4     78     31     30      0      0      0      0      0      0   3201    345      0      0      0      1      0      0      0      0      0      1
    0     79     40     38      0      0      0      0      0      0   3201    345      0      0      0      1      0      0      0      0      0      0
    1     83     40     36      0      0      0      0      0      0   3201    345      0      0      0      1      0      0      0      0      0      2
    2     77     31     31      0      0      0      0      0      0   3201    345      0      0      0      1      0      0      0      0      0      0
    3     77     34     32      0      0      0      0      0      0   3201    345      0      0      0      1      0      0      0      0      0      0
    4     78     31     30      0      0      0      0      0      0   3201    345      0      0      0      1      0      0      0      0      0      0
    0     79     40     38      0      0      0      0      0      0   3201    345      0      0      0      1      0      0      0      0      0      0
    1     83     40     36      0      0      0      0      0      0   3201    345      0      0      0      1      0      0      0      0      0      0
    2     78     31     31      0      0      0      0      0      0   3201    345      0      0      0      1      0      0      0      0      0      0
    3     77     34     32      0      0      0      0      0      0   3201    345      0      0      0      1      0      0      0      0      0      0
    4     78     31     30      0      0      0      0      0      0   3201    345      0      0      0      1      0      0      0      0      0      0
    0     79     40     38      0      0      0      0      0      0   3201    345      0      0      0      1      0      0      0      0      0      0
    1     83     40     36      0      0      0      0      0      0   3201    345      0      0      0      1      0      0      0      0      0      0
    2     77     31     31      0      0      0      0      0      0   3201    345      0      0      0      1      0      0      0      0      0      0
    3     77     34     32      0      0      0      0      0      0   3201    345      0      0      0      1      0      0      0      0      0      2
    4     78     31     30      0      0      0      0      0      0   3201    345      0      0      0      1      0      0      0      0      0      0
    0     79     40     38      0      0      0      0      0      0   3201    345      0      0      0      1      0      0      0      0      0      0
    1     83     40     36      0      0      0      0      0      0   3201    345      0      0      0      1      0      0      0      0      0      2
    2     77     31     31      0      0      0      0      0      0   3201    345      0      0      0      1      0      0      0      0      0      0
    3     77     34     32      0      0      0      0      0      0   3201    345      0      0      0      1      0      0      0      0      0      0
    4     78     31     30      0      0      0      0      0      0   3201    345      0      0      0      1      0      0      0      0      0      1
    0     79     40     38      0      0      0      0      0      0   3201    345      0      0      0      1      0      0      0      0      0      0
    1     83     40     36      0      0      0      0      0      0   3201    345      0      0      0      1      0      0      0      0      0      0
    2     78     31     31      0      0      0      0      0      0   3201    345      0      0      0      1      0      0      0      0      0      1
    3     77     34     32      0      0      0      0      0      0   3201    345      0      0      0      1      0      0      0      0      0      0
    4     78     31     30      0      0      0      0      0      0   3201    345      0      0      0      1      0      0      0      0      0      0
    0     79     40     38      0      0      0      0      0      0   3201    345      0      0      0      1      0      0      0      0      0      2
    1     83     40     36      0      0      0      0      0      0   3201    345      0      0      0      1      0      0      0      0      0      0
    2     77     31     31      0      0      0      0      0      0   3201    345      0      0      0      1      0      0      0      0      0      0
    3     77     34     32      0      0      0      0      0      0   3201    345      0      0      0      1      0      0      0      0      0      0
# gpu    pwr  gtemp  mtemp     sm    mem    enc    dec    jpg    ofa   mclk   pclk  pviol  tviol     fb   bar1   ccpm  sbecc  dbecc    pci  rxpci  txpci
# Idx      W      C      C      %      %      %      %      %      %    MHz    MHz      %   bool     MB     MB     MB   errs   errs   errs   MB/s   MB/s
    4     78     31     30      0      0      0      0      0      0   3201    345      0      0      0      1      0      0      0      0      0      2
    0     79     40     38      0      0      0      0      0      0   3201    345      0      0      0      1      0      0      0      0      0      0
    1     83     40     36      0      0      0      0      0      0   3201    345      0      0      0      1      0      0      0      0      1      1
    2     77     31     31      0      0      0      0      0      0   3201    345      0      0      0      1      0      0      0      0      0      0
    3     77     34     32      0      0      0      0      0      0   3201    345      0      0      0      1      0      0      0      0      0      0
    4     78     31     30      0      0      0      0      0      0   3201    345      0      0      0      1      0      0      0      0      0      0
    0     79     40     38      0      0      0      0      0      0   3201    345      0      0      0      1      0      0      0      0      0      0
    1     83     40     36      0      0      0      0      0      0   3201    345      0      0      0      1      0      0      0      0      0      0
    2     77     31     31      0      0      0      0      0      0   3201    345      0      0      0      1      0      0      0      0      0      1
    3     77     34     32      0      0      0      0      0      0   3201    345      0      0      0      1      0      0      0      0      0      0
    4     78     31     30      0      0      0      0      0      0   3201    345      0      0      0      1      0      0      0      0      0      0
    0     79     40     38      0      0      0      0      0      0   3201    345      0      0      0      1      0      0      0      0      0      2
    1     83     40     36      0      0      0      0      0      0   3201    345      0      0      0      1      0      0      0      0      0      0
    2     77     31     31      0      0      0      0      0      0   3201    345      0      0      0      1      0      0      0      0      0      0
    3     77     34     32      0      0      0      0      0      0   3201    345      0      0      0      1      0      0      0      0      0      0
    4     78     31     30      0      0      0      0      0      0   3201    345      0      0      0      1      0      0      0      0      0      1
    0     79     40     38      0      0      0      0      0      0   3201    345      0      0      0      1      0      0      0      0      0      0
    1     83     40     36      0      0      0      0      0      0   3201    345      0      0      0      1      0      0      0      0      0      0
    2     77     31     31      0      0      0      0      0      0   3201    345      0      0      0      1      0      0      0      0      0      0
    3     77     34     32      0      0      0      0      0      0   3201    345      0      0      0      1      0      0      0      0      0      0
    4     78     31     30      0      0      0      0      0      0   3201    345      0      0      0      1      0      0      0      0      0      0
    0     79     40     38      0      0      0      0      0      0   3201    345      0      0      0      1      0      0      0      0      0      0
    1     83     40     36      0      0      0      0      0      0   3201    345      0      0      0      1      0      0      0      0      0      0
    2     77     31     31      0      0      0      0      0      0   3201    345      0      0      0      1      0      0      0      0      1      1
    3     77     34     32      0      0      0      0      0      0   3201    345      0      0      0      1      0      0      0      0      0      2
    4     78     31     30      0      0      0      0      0      0   3201    345      0      0      0      1      0      0      0      0      0      0
    0     79     40     38      0      0      0      0      0      0   3201    345      0      0      0      1      0      0      0      0      0      0
    1     83     40     36      0      0      0      0      0      0   3201    345      0      0      0      1      0      0      0      0      0      2
    2     77     31     31      0      0      0      0      0      0   3201    345      0      0      0      1      0      0      0      0      0      0
    3     77     34     32      0      0      0      0      0      0   3201    345      0      0      0      1      0      0      0      0      0      0
    4     78     31     30      0      0      0      0      0      0   3201    345      0      0      0      1      0      0      0      0      0      0
